ID Number,Class,Hall,"How much time do you spend listening 
to music in an average day?",How do you listen to music?,"Which of the choices listed above is 
your preferred way of listening to music?","If you listen to music on your phone or 
laptop, which apps/websites do you use?",Why do you primarily listen to music?,"For the above reasons that you selected, which genres/artists/albums/songs do you prefer?",Pop,Rap,Country,Electronic,Rock and Roll,R&B,Asian Pop,Indie / Alternative,Classical,Jazz,Who is your favorite band / musician?,What is/are your favorite song(s)? ,
118001,2018,1502,>4 hours,"Phone, Laptop",Phone,"Youtube, Apple Music","Focus / Studying, To Relax / Wind Down, Fun / Entertainment","HipHop and Rap for getting ready and getting hyped up or to improve my mood, swing jazz for studying ",3,5,1,2,1,5,1,1,4,NULL,The Weeknd,"""Starboy"" - The Weeknd, ""Boss"" - Lil Pump",
118002,2018,1503,<30 minutes,Laptop,Laptop,Youtube,"Focus / Studying, Dancing, Singing, To Relax / Wind Down, Fun / Entertainment","Game soundtracks for focus, peppy romancey (Meghan Trainor, Carly Rae Jepsen, earlier Taylor Swift) for singing and relaxing, bollywood for dancing, kpop for fun",3,1,1,2,3,5,5,3,5,5,SHINee,"""Eyes, Nose, Lips"" - Taeyang",
118007,2018,1507,>4 hours,"Phone, Laptop, Car Radio",Laptop,"Youtube, Spotify","Focus / Studying, To Relax / Wind Down, Fun / Entertainment","To focus, funk or house. To relax or for fun, hip hop and r&b",2,5,1,4,3,5,3,3,4,NULL,Kendrick Lamar,"""How Much a Dollar Cost?"" - Kendrick Lamar, ""Self Control"" - Frank Ocean, ""Sing About Me"" - Kendrick Lamar",
118008,2018,1506,3-4 hours,"Phone, Laptop",Phone,Spotify,"To Relax / Wind Down, Fun / Entertainment","to relax: the 1975/blackbear's deadrose and help albums/Lorde's Melodrama album
for fun: more techno/upbeat stuff like Amine, Post Malone, gnash and some no name artists that i find and make me happy :)",5,3,3,4,2,4,2,4,2,NULL,"The 1975, Blackbear","""Traum"" - CRO, ""Not Enough"" - Lido, ""Upside Down"" - Shaun Frank, ""Better Days"" - Hedley",
118015,2018,1503,3-4 hours,"Phone, Laptop",Laptop,"Youtube, Spotify","Focus / Studying, Dancing, Singing, To Relax / Wind Down, Fun / Entertainment","Studying: Lofi
Dancing: musicals/cartoon songs
Singing: ^ + anything else
Relaxing: Trap, Lofi
Fun: science song parodies",4,4,1,4,4,3,4,4,4,NULL,Arctic Monkeys,"""1-800-273-8255"" - Logic, ""Rock and Roll"" - EDEN, ""Fake It"" - Bastille, ""Wires"" - The Neighborhood, ""Whole New Worlds: An Aladdin History of Exoplanets"" - A Capella Science",
118023,2018,1501,>4 hours,"Phone, Laptop, Car Radio",Phone,"Youtube, Spotify, Apple Music, Pandora","Focus / Studying, To Relax / Wind Down",For all the options I choose I like listening to songs with slower/calmer melodies ,3,4,1,2,3,3,2,5,3,NULL,Idk,"""Ultralight Beam"" - Kanye West",
118028,2018,1501,<30 minutes,"Phone, Laptop",Laptop,"Youtube, Spotify","Focus / Studying, Fun / Entertainment",Pop or video game ost,5,2,3,5,3,3,2,4,4,3,Imagine Dragons,Idk,
118031,2018,1501,<30 minutes,"Phone, Laptop",Laptop,Youtube,"Focus / Studying, To Relax / Wind Down, Fun / Entertainment","To relax/wind down: Lauv, Illenium, Troye Sivan, Porter Robinson. Fun: Hayley Kiyoko",4,3,1,4,3,3,3,4,3,NULL,Lauv,"""Shelter"" - Porter Robinson and Maddeon",
118034,2018,1503,2-3 hours,"Phone, Laptop, Car Radio",Phone,Spotify,"Focus / Studying, Dancing, Singing, To Relax / Wind Down, Fun / Entertainment","playlists on spotify- studying- deep focus(reading)/wild&free or young&free (anything else) dANCING- throwback songs/chill rap/pop singing- throwback to relax wind down-no EDM or like anything w bass drops, fun- pop/rap but not heavy rap",5,4,3,2,2,1,2,5,2,NULL,"Lil Uzi Vert, EDEN, Post Malone, R3hab, Blackbear","""XO Tour LLif3"" - Lil Uzi Vert, ""Sinners"" - Lauren Aquilina, ""Unforgettable"" - French Montana and Swae Lee, ""The Morning"" - The Weeknd",
118035,2018,1506,<1 hour,"Phone, Laptop",Phone,"Youtube, listenonrepeat","Focus / Studying, To Relax / Wind Down, Fun / Entertainment","for studying: familiar music, all my faves, calmer stuff like Shin Seung Hoon or maybe some chill Boohwal or Lee Moon Sae or B1A4; I listen to Handel's ""Water Music"" specifically for hardcore/finals studying; entertainment: live performances by Park Wan-Kyu or Shin Seung Hoon, maybe an MV or two;  any other listening will be my playlist of B1A4 and old Korean music",3,1,2,2,4,4,4,5,4,NULL,"B1A4, Shin Seung-Hun, Boohwal","""??? (Magician)"" - Boohwal, ""To My Star"" - B1A4,  ""???? ?? ??"" - Shin Seung-Hun",
118040,2018,1506,1-2 hours,"Phone, Laptop, Car Radio",Laptop,"Youtube, Spotify","To Relax / Wind Down, Fun / Entertainment, To get hyped up in the shower","To relax: Indie Alternative, Fun/Entertainment: Kesha, Other: Anything with a quick beat and catchy lyrics ",4,2,1,2,4,3,2,5,4,4,Two Door Cinema Club,"""Finding You"" - Kesha, ""Rainbow"" - Kesha, ""Hymn"" - Kesha, ""Now I Can Talk"" - Two Door Cinema Club, ""Florescent Adolescent"" - Arctic Monkeys  ",
118044,2018,1507,>4 hours,"Phone, Laptop, Car Radio",Phone,Spotify,"Focus / Studying, To Relax / Wind Down, Fun / Entertainment","Focus / Studying - Hip Hop, R&B, K-Pop, Classical
To Relax / Wind Down - R&B, Chill Hop, Vaporwave
Fun / Entertainment - Hip Hop, Trap, K-Pop, K-Rock",4,5,2,5,3,5,5,4,4,NULL,Danny Brown,"""Self Control"" - Frank Ocean, ""Ain't It Funny"" - Danny Brown, ""King Kunta"" - Kendrick Lamar, ""Hell of a Life"" - Kanye West, ""FINGERTIP"" - Gfriend, ""Can't Love You Anymore"" - IU",
118045,2018,1501,2-3 hours,"Phone, Laptop",Phone,"Youtube, Pandora, Amazon Music",Fun / Entertainment,Indie rock / Alternative rock,3,2,1,1,4,3,2,5,2,NULL,Saint Motel,"""For Elise"" - Beethoven",
118046,2018,1501,3-4 hours,"Phone, Laptop, Car Radio",Phone,"Youtube, Spotify, Apple Music, Pandora","Focus / Studying, Dancing, To Relax / Wind Down, Fun / Entertainment, Exercise","Rap, Dubstep, Classical for everything",3,5,1,5,3,5,1,3,5,2,Gucci Mane,"""Traphouse 3"" - Gucci Mane",
118051,2018,1506,2-3 hours,"Phone, Laptop, Car Radio",Phone,Youtube,"Focus / Studying, To Relax / Wind Down, Fun / Entertainment","For studying, I listen to violin/piano music, but for relaxing/fun I love Pop or Oldies (Classic Rock like the Rolling Stones and the Beatles).",5,2,1,1,4,3,2,2,4,NULL,"Ed Sheeran, The Beatles","""Blackbird"" - The Beatles",
118052,2018,1506,3-4 hours,"Phone, Laptop, Car Radio",Laptop,"Youtube, Spotify, Google Play Music, Pandora","Focus / Studying, Singing, To Relax / Wind Down, Fun / Entertainment","studying: classical music, relax: r&b, classical, fun/singing: everything",4,3,2,1,2,5,3,4,5,3,"Justin Timberlake, Ed Sheeran, The Weeknd","""Fort Knox"" - Christon Gray, ""Poison"" - BellBivDevoe, ""Wake Me Up"" - Ed Sheeran",
118061,2018,1506,2-3 hours,"Phone, Laptop",Laptop,Spotify,"Dancing, To Relax / Wind Down, Fun / Entertainment","To dance, I like to listen to anything by Chris Brown, Drake or Ella Mai",5,5,2,1,4,4,1,1,1,NULL,Justin Bieber ,"""Do You Mind"" - DJ Khaled",
118065,2018,1502,<1 hour,"Phone, Laptop",Phone,"Youtube, Spotify","Singing, To Relax / Wind Down",Very specific artists: generally IU / specific R+B,3,1,1,1,1,2,4,4,3,1,IU,"""Palette"" - IU, ""Touch the Sky"" - Hillsong UNITED",
118072,2018,1503,>4 hours,"Phone, Laptop",Phone,Spotify,"Focus / Studying, Dancing, Singing, To Relax / Wind Down, Fun / Entertainment, working out","For singing, I mostly listen to 2000s hits, rap, Disney songs, and 80s music. For focus I'll usually listen to ""chill-hop"". If I'm working out I'll listen to old school rap or edm. If I'm just hanging out I'll usually listen to alternative. I don't need a reason to listen to Chance the Rapper because his music fits every situation perfectly. ",2,5,5,4,4,5,3,5,3,NULL,"Chance the Rapper, Glass Animals, Milky Chance, Marc E. Bassy, Post Malone, Bryce Vine","""Biking"" - Frank Ocean and Tyler the Creator and Jay Z",
118075,2018,1502,3-4 hours,"Phone, Laptop",Phone,"Youtube, Spotify, Pandora","Focus / Studying, Dancing, Singing, To Relax / Wind Down, Fun / Entertainment","for studying I prefer piano pieces or relaxing/ winding down music, Dancing music I'll listen to pop or Merengue/Salsa/Bachata music, Singing music: I like to sing to Musicals and pop songs with artists that have powerful voices like Whitney Huston or Ariana Grande. And Fun music to me is just pop music or bands like All Time Low and 5sos. I have a very broad spectrum of music taste.",5,2,1,2,4,3,2,2,5,3,"Five Seconds of Summer, Prince Royce","""La Careterra"" - Prince Royce",
118077,2018,1501,2-3 hours,"Phone, Laptop",Laptop,Spotify,"Focus / Studying, To Relax / Wind Down, Fun / Entertainment","No distinction, I just hit shuffle",4,1,1,5,3,1,2,4,1,1,Imagine Dragons,"""Believer"" - Imagine Dragons",
118079,2018,1507,>4 hours,"Phone, Laptop",Phone,"Youtube, Google Play Music","Focus / Studying, To Relax / Wind Down, Calm myself and Working out",EDM/Chillstep to relax and workout. Any type of music besides country and mumble rap for studying. 80s and 90s music for calming myself.,4,4,3,5,4,4,3,5,4,5,Imagine Dragons,Idk,
118081,2018,1505,<1 hour,"Phone, Laptop",Phone,"Youtube, Spotify, Apple Music",To Relax / Wind Down,Rap/pop,5,5,1,4,1,1,2,1,3,2,Lil Pump,"""Gucci Gang"" - Lil Pump",
118092,2018,1503,2-3 hours,"Phone, Laptop, Car Radio",Car Radio,"Youtube, Spotify","Focus / Studying, Dancing, Singing, To Relax / Wind Down, Fun / Entertainment","studying: christmas piano music, dancing: pop music, singing: demi lovato or adele",5,4,2,2,1,1,1,1,1,NULL,Rihanna,Idk,
118094,2018,1501,<1 hour,"Phone, Laptop",Phone,Spotify,"Focus / Studying, To Relax / Wind Down",Eh idk,4,3,3,2,1,2,2,4,2,NULL,Coldplay,Idk,
118096,2018,1501,3-4 hours,"Phone, Laptop",Laptop,"Youtube, Spotify","Focus / Studying, To Relax / Wind Down, Fun / Entertainment","i like Kurt Hugo Schneider for everything, Pentatonix and The Piano Guys for studying, and Ed Sheeran and Taylor Swift radio for studying/whatever. and troye sivan",5,3,2,3,1,4,2,3,5,NULL,Ed Sheeran,"""Perfect"" - Ed Sheeran",
118100,2018,1506,<1 hour,Laptop,Laptop,"Spotify, Pandora","Dancing, To Relax / Wind Down","I listen to rap lol like Post Malone, Kendrick Lamar, Amine but also Khalid, Artic Monkeys, some K-Pop",4,4,3,2,2,3,4,4,1,NULL,Post Malone ,"""Unforgettable"" - French Montana ",
118102,2018,1503,>4 hours,"Phone, Laptop, Car Radio",Phone,"Youtube, Spotify","Focus / Studying, Singing, To Relax / Wind Down, Fun / Entertainment","For studying, I like acoustic or coffeehouse music. For singing, throwbacks, Disney and pop punk powerhouse. For relaxing it’s either acoustic, indie or alternative. For fun, viva Latino, pop, and throwbacks",5,2,2,3,4,4,2,5,3,NULL,Enrique Iglesias ,"""Riptide"" - Vance Joy, ""El Perdón"" - Enrique Iglesias",
118107,2018,1505,2-3 hours,"Phone, Laptop",Laptop,Spotify,"Focus / Studying, To Relax / Wind Down, Fun / Entertainment","When I wanna grind I like really upbeat electronic music, when I wanna relax I like chill music.",2,3,1,5,2,3,3,4,3,NULL,ODESZA,"""Tennis Court Remix"" - Flume, ""Best Friend"" - Foster the People, ""A Moment Apart"" - ODESZA, ""Working For It"" - ZHU, ""Generationwhy"" - ZHU",
118121,2018,1501,1-2 hours,"Phone, Laptop, Car Radio",Phone,"Youtube, Google Play Music, Pandora","Focus / Studying, To Relax / Wind Down, Fun / Entertainment",I like electronica for studying but more pop/indie rock for fun and to relax,3,2,1,5,4,3,1,5,2,NULL,Caravan Palace,"""Lone Digger"" - Caravan Palace",
118122,2018,1501,<30 minutes,"Phone, Laptop",Laptop,"Youtube, Spotify","Focus / Studying, Fun / Entertainment","for studying, rain and white noise and film scores. for fun, tswizzle and indie and rap.",4,4,2,3,3,4,3,5,5,NULL,"Young Rising Sons, Quinn SCII",Idk,
118124,2018,1502,3-4 hours,"Phone, Laptop, Car Radio",Phone,"Youtube, Spotify","Focus / Studying, Singing, Fun / Entertainment","For studying I like alternative r&b
For singing I like pop
For fun I like rap and pop",5,5,3,2,1,5,3,4,3,NULL,"U2, Coldplay, Ariana Grande, Justin Bieber","""I'm the One"" - DJ Khaled and Chance the Rapper and Justin Bieber and Quavo, ""Love"" - Kendrick Lamar, ""I Don't Mind"" - Usher, ""Last Christmas"" - Ariana Grande, ""Unkiss Me"" - Maroon 5",
118126,2018,1505,2-3 hours,Laptop,Laptop,Spotify,"Focus / Studying, Dancing, Fun / Entertainment","For studying sometimes I like antique wartime songs, but for winding down/dancing I like hip hop",3,5,1,4,2,2,2,2,2,NULL,XXXTentacion,"""#Bitchimsippinteainyourhood"" - XXXTentacion, ""DNA"" - Kendrick Lamar",
118132,2018,1501,1-2 hours,"Laptop, Ipod, Car Radio, CD Player",Laptop,Youtube,"Focus / Studying, To Relax / Wind Down",studying: Mexican Radio by Wall of Voodoo; relaxing: Whiskey in the Jar by Metallica,4,2,2,3,4,3,3,4,3,NULL,Depeche Mode,"""AIMS"" - Vienna Teng, ""Notorious"" - Duran Duran",
118136,2018,1501,>4 hours,"Phone, Laptop, Car Radio",Laptop,"Youtube, Spotify","Focus / Studying, Dancing, Fun / Entertainment",I listen to alt-rock for studying or k-pop for all purposes.,4,4,1,4,4,4,4,4,4,NULL,Millic,Idk,
118145,2018,1503,>4 hours,"Phone, Laptop",Phone,"Youtube, Spotify","Singing, To Relax / Wind Down, Fun / Entertainment",I listen to the same music for all occasions,4,3,2,4,3,3,3,5,3,4,Sufjan Stevens,Idk,
118146,2018,1507,1-2 hours,"Phone, Laptop",Laptop,"Youtube, Spotify",Focus / Studying,"Studying either classical, though most of the time I listen to chill kpop like palette by IU. When i don't feel motivated I listen to rap.",4,4,1,3,2,4,4,3,4,3,Oddisee,"""You Grew Up"" - Oddisee",
118152,2018,1505,3-4 hours,"Phone, Laptop",Phone,"Youtube, Spotify, soundcloud","Focus / Studying, Fun / Entertainment",Study: classic turn up music: hip hop/rap,2,5,1,3,2,2,2,2,5,2,Franz Liszt,"""Gucci Gang"" - Lil Pump",
118154,2018,1507,>4 hours,"Phone, Laptop",Phone,"Youtube, Spotify","Focus / Studying, Singing, To Relax / Wind Down, Fun / Entertainment",Nujabes/lo-fi hip hop/instrumental Studio Ghibli soundtracks for listening. Most other things for winding down/relaxing. ,2,5,1,3,3,5,5,5,4,NULL,Nujabes,"""Aruarian Dance"" - Nujabes",
118158,2018,1505,2-3 hours,"Phone, Laptop",Laptop,"Youtube, Spotify","Focus / Studying, Dancing",kpop and rnb,4,4,2,3,2,5,5,4,3,4,Mamamoo,"""Gentleman"" - Mamamoo, ""Yes I Am"" - Mamamoo, ""Just"" - Mamamoo",
118159,2018,1503,3-4 hours,"Phone, Laptop",Phone,Spotify,"Focus / Studying, Dancing, Singing, To Relax / Wind Down, Fun / Entertainment","relaxing - indie acoustic
dancing - hip hop (rap)",3,5,2,2,1,4,2,5,2,2,Idk,Idk,
118165,2018,1507,2-3 hours,"Phone, Laptop, Car Radio",Phone,Spotify,"Focus / Studying, To Relax / Wind Down, Fun / Entertainment",Studying-Trap/K-Pop; Relaxing/Fun-Rap & Pop,5,4,1,4,3,4,5,4,2,NULL,Chance the Rapper,"""Same Drugs"" - Chance the Rapper",
118168,2018,1501,3-4 hours,"Phone, Laptop",Phone,Spotify,"Focus / Studying, Fun / Entertainment","For everything i like alternative (catfish and the bottlemen, bleachers, the hunna, jon bellion, the runaway club)",3,2,1,3,2,4,2,5,4,NULL,Bleachers,"""Foreign Girls"" - Bleachers",
118182,2018,1504,<30 minutes,"Phone, Laptop",Laptop,"Youtube, Spotify, Google Play Music","Focus / Studying, To Relax / Wind Down",I really couldn't tell you,3,4,1,4,3,4,2,3,4,NULL,Green Day,"""Minority"" - Green Day",
118184,2018,1502,1-2 hours,"Phone, Laptop, Car Radio",Laptop,"Youtube, Pandora","Focus / Studying, Dancing, Singing, To Relax / Wind Down, Fun / Entertainment","Focusing is country and rap.
To sing is country.
To dance is Latin music.
Entertainment is pop, classical rock, alternative",5,3,5,4,3,3,3,5,1,1,Sabrina Carpenter,Idk,
118193,2018,1501,<1 hour,"Phone, Laptop",Phone,"Youtube, Apple Music","Focus / Studying, To Relax / Wind Down, Cleaning room ","Focus/studying: pop instrumentals
Relaxing: Green Day 
Cleaning room: A playlist called “white people music” ",4,2,2,1,5,1,4,2,3,NULL,Green Day ,"""Minority"" - Green Day, ""Bleeding Out"" - Imagine Dragons",
118205,2018,1506,2-3 hours,"Phone, Laptop",Phone,"Youtube, Spotify, plug.dj","Focus / Studying, To Relax / Wind Down, Fun / Entertainment","I like to study to EDM music, but specifically listen to Pierce Fulton's Better Places album to relax. I listen to classical music for entertainment and study it.",3,2,1,5,4,5,3,4,4,NULL,Daft Punk,"""To Be Alive"" - Puppet, ""Just You"" - Puppet and Pierce Fulton, ""Everything Black"" - Unlike Pluto, ""Lone Digger"" - Caravan Palace, ""Toothbrush"" - DNCE, ""Doin' It Right"" - Daft Punk",
118207,2018,1503,>4 hours,"Phone, Laptop, Car Radio",Phone,Apple Music,"Focus / Studying, Singing, To Relax / Wind Down",for studying i like jazz or music in different languages for dancing i like hype songs or latino pop,4,4,3,4,1,4,2,4,3,3,OneRepublic,"""Colors"" - OneRepublic, ""Rich Love"" - OneRepublic, ""All the Right Moves"" - OneRepublic, ""Apologize"" - OneRepublic, ""Secrets"" - OneRepublic",
118211,2018,1506,>4 hours,"Phone, Laptop",Phone,"Youtube, Spotify, Pandora","Focus / Studying, To Relax / Wind Down, Fun / Entertainment","I like instrumental, indie, alternative music for focus/studying and relaxing. For fun/entertainment, I listen to a wide variety, including pop, rock, Spanish music, and K-Pop. ",4,3,1,3,2,4,5,5,3,NULL,Idk,Idk,
118216,2018,1503,2-3 hours,"Phone, Laptop",Phone,Spotify,"Focus / Studying, Dancing, Singing, To Relax / Wind Down, Fun / Entertainment","For Focus/Studying I listen to instrumentals of TV shows I like and  musicals
Dancing/Sing is musicals or mor pop songs
To relax it is a mix of the two
And fun is more random music from every genre",4,3,1,2,2,3,2,4,4,NULL,Broadway,"""Waving Through A Window"" - Original Broadway Cast of Dear Evan Hansen",
118217,2018,1503,<1 hour,Laptop,Laptop,"Youtube, Spotify","Focus / Studying, Dancing, Singing, To Relax / Wind Down, Fun / Entertainment","studying- like chill music ?
dancing- hype indian fusion stuff
singing- same as dancing
to relax/wind down - chill music idk look at sohum guptas playlist
fun/entertainment- hype music like rap",3,5,1,3,4,5,4,3,1,4,"The Weeknd, Kenrick Lamar",Idk,
118225,2018,1504,3-4 hours,"Phone, Laptop",Phone,Spotify,"Focus / Studying, To Relax / Wind Down, Fun / Entertainment","For studying: classical or ambient, for relax and entertainment: indie rock, hip-hop, and Korean indie ballads",2,5,1,3,3,4,4,5,5,NULL,Mac DeMarco,"""Can't Love You Anymore"" - IU, ""Through the Night"" - IU, ""Plastic"" - Moses Sumney, ""Vincent"" - Car Seat Headrest, ""Self Control"" - Frank Ocean, ""Chamber of Reflections"" - Mac DeMarco, ""Death with Dignity"" - Sufjan Stevens, ""Oh Comely"" - Neutral Milk Hotel,  ""Lacrimosa Dies Irae"" - W A. Mozart, ""Symphony 7, 2nd mvmt"" - Beethoven",
118228,2018,1507,>4 hours,"Phone, Laptop, Car Radio",Laptop,"Youtube, Spotify, Huawei Music","Focus / Studying, To Relax / Wind Down, Fun / Entertainment","The same song for everything until I get tired of it, then move on to another",4,4,4,4,4,4,4,4,4,4,IU,Idk,
118233,2018,1503,1-2 hours,"Phone, Laptop",Phone,spotify and youtube and apple music,"Focus / Studying, Dancing, Singing, To Relax / Wind Down, Fun / Entertainment","for studying, i like mozart, chopin, beethoven, yiruma, classical, binural beats, nourish lo-fi; for dancing and entertainment, i like rap and techy music and bodak yellow, khalid all songs, lil pump, rockstar; for singing, i like pop songs; to relax, i like k pop and c pop",5,5,1,2,1,4,5,5,5,NULL,"Higher Brothers, Khalid","""Dream a Little Dream of Me"" - Ella Fitzgerald, ""Me Gustas Tú"" - Manu Chao",
118253,2018,1505,3-4 hours,"Phone, Laptop, Car Radio",Laptop,"Youtube, Spotify, Soundcloud","Focus / Studying, To Relax / Wind Down, Fun / Entertainment","For focus/studying, I like instrumental lo-fi hip-hop music. For relaxing/winding down, I usually listen to Indie Folk Acoustic. Finally, for fun/entertainment/general listening, I listen to Hip-Hop/Rap and R&B.",2,5,2,3,3,5,3,5,4,NULL,Kanye West,"""Woods"" - Bon Iver, ""Zealots of Stockholm"" - Childish Gambino, ""Otis"" - Kanye West and Jay-Z, ""Pusha Man/Paranoia"" - Chance the Rapper, ""Doomed"" - Moses Sumney, ""Clementine"" - Punch Brothers, ""Chicago"" - Sufjan Stevens",
118267,2018,1507,2-3 hours,"Phone, Laptop",Phone,"Youtube, Spotify, Soundcloud","Focus / Studying, Dancing, Singing, To Relax / Wind Down, Fun / Entertainment","Studying-Classical
Dance-Hip-Hop, Rap, Pop
Singing-Soul/R&B
Relaxing-R&B
Fun/Entertainment-Rap/R&B",2,5,1,5,1,5,3,4,4,3,Frank Ocean,"""Ivy"" - Frank Ocean, ""Nights"" - Frank Ocean",
118273,2018,1503,2-3 hours,"Phone, Laptop",Phone,Spotify,"Focus / Studying, Dancing, Singing, To Relax / Wind Down, Fun / Entertainment","i feel like the last one is targetted at me lmao but yes, i like BTS/K-pop and I LOVE slower EDM, for more info follow my spotify:
https://open.spotify.com/user/sargam_
",3,4,1,5,3,4,5,5,4,5,"BTS, The Kite String Tangle, Louis the Child, Chet Faker","""Hold me Tight"" - BTS, ""Moondust (Stripped)"" - Jaymes Young, ""Slow Down Love"" - Louis the Child, ""Talk is Cheap"" - Chet Faker, ""Arcadia"" - The Kite String Tangle",
118276,2018,1501,2-3 hours,"Phone, Laptop",Laptop,"Youtube, Spotify","Focus / Studying, To Relax / Wind Down, Fun / Entertainment","Studying: Instrumental/Soundtrack
Fun: K-Pop, Spanish and American music (upbeat stuff)
Relaxing: Instrumental, calmer/more mellow tunes (language doesn't really matter)",4,1,2,3,3,2,5,3,4,NULL,"Imagine Dragons, Stromae","""I Bet My Life"" - Imagine Dragons, ""Bâtard"" - Stromae, ""New Rules"" - Dua Lipa",
118294,2018,1506,>4 hours,"Phone, Laptop, Car Radio",Phone,"Youtube, Spotify","Focus / Studying, Dancing, Singing, To Relax / Wind Down, Fun / Entertainment","I just like anything that sounds nice. It could be piano covers, TV/Movie soundtracks, Pop music, Kpop, chill rap, etc.
I don't have a definite taste.",4,3,2,3,3,3,4,4,3,NULL,Clean Bandit,"""I Will Always Think of You"" - Bojack Horseman",
118296,2018,1501,1-2 hours,"Phone, Laptop",Phone,"Youtube, Spotify","Focus / Studying, Singing, To Relax / Wind Down","For singing, I like 90's/00's pop music. For music/studying, I like Regina Spektor or Electronic Music.",5,4,1,3,3,4,2,4,3,NULL,"Lady Gaga, Noname","""Born This Way"" - Lady Gaga, ""Chandelier"" - Sia,",
118298,2018,1501,1-2 hours,Laptop,Laptop,Spotify,"Focus / Studying, Fun / Entertainment","For focus/studying, I listen to instrumental music/songs like Intro by XX. For fun, a lot of 2000s throwback music or soundtracks from musicals.",4,2,2,3,4,5,4,5,3,NULL,The Weeknd,"""Sweater Weather""  - The Neighbourhood",
119017,2019,1502,>4 hours,"Phone, Laptop, Ipod, Car Radio, CD Player",Phone,"Youtube, Spotify, Apple Music, Pandora","Focus / Studying, Dancing, Singing, To Relax / Wind Down, Fun / Entertainment",I can listen to anything while doing anything/ depends on the day,5,2,1,4,4,3,3,5,5,NULL,Josh Groban,Idk,
119020,2019,1506,3-4 hours,"Phone, Laptop, Car Radio, CD Player, Radio (not car)",Laptop,"Youtube, Groove Music","Focus / Studying, Singing, To Relax / Wind Down, Fun / Entertainment, express emotion; Assignments / Classwork (for French)","Focus/Studying = Classical, Binaural Beats, Movie Scores; 
Singing + to relax/winddown + fun/entertainment = Musicals, show tunes, Sinatra, Irish Folk, Opera, movie soundtracks, classic rock, Christian punk, Screamo, French pop, folk; 
to express emotion = Show tunes, movie soundtrack, classic rock, sinatra;
Assignments/classwork = french pop (Indila, Stromae), French Opera (Carmen, Faust)",1,3,2,3,5,3,3,4,4,5,"Andrew Lloyd Webber, Frank Sinatra, Barbra Striesand",Idk,
119021,2019,1506,>4 hours,"Phone, Laptop",Phone,"Youtube, Spotify, Apple Music, Google Play Music","Focus / Studying, To Relax / Wind Down, Fun / Entertainment","For studying, I listen to the drone sounds from the Twin Peaks soundtrack, or music that doesn't have English in it, and for fun I listen to rap and ""indie"" music I guess",4,4,1,3,3,4,3,4,4,3,Idk,"""Long Gone"" - Phum Viphurit, ""Tokyo"" - Brockhampton, ""Stay Away From My Baby"" - Banes World, ""Tomboy"" - Princess Nokia, ""Life of the Party"" - Chelsea Jade, ""Island"" - Wet, ""She's So Untouchable"" - Garden City Movement, ""Best Friend"" - Rex Orange County, ""Tyrant"" - Kali Uchis",
119023,2019,1506,3-4 hours,"Phone, Laptop",Phone,"Youtube, Spotify, Pandora","Focus / Studying, Singing, To Relax / Wind Down, Fun / Entertainment, Piano","Language - Stromae, Ana Tijoux, Shanghai Rainbow Chamber Singers
Hardcore rock - Pierce the Veil, Sleeping with Sirens, Bring Me The Horizon, etc.
Classical music (usually piano) - Rachmaninoff, Chopin, Beethoven, Bach, Debussy, Liszt, Grieg, Dvorak, Brahms, etc.
Musicals - Heathers, Les Mis, Dear Evan Hansen, Repo Man (Genetic Opera), etc.",2,4,1,4,3,3,4,4,5,3,Get Scared,"""Sarcasm"" - Get Scared, ""Fail"" - Get Scared",
119033,2019,1507,>4 hours,"Phone, Laptop",Laptop,".mp3, .flac, etc.","Focus / Studying, To Relax / Wind Down, Fun / Entertainment, Pleasure","Focus/studying normally classical/jazz, otherwise a variety of genres... classical, jazz, experimental, all types of rock, noise, hip hop/rap, metal, electronic, etc.",2,4,3,4,4,4,2,4,4,NULL,Idk,"""Cowgirl"" - Underworld, ""Journey in Satchidananda"" - Alice Coltrane, ""A Day in the Life"" - The Beatles, ""Jennifer"" - Faust, ""Houses of the Holy"" - Led Zeppelin, ""She Watch Channel Zero"" - Public Enemy, ""Sometimes"" - My Bloody Valentine, ""Heroin"" - The Velvet Underground and Nico, ""Astronomy Domine"" - Pink Floyd, ""Cloud Song"" - The United States of America, ""Katy Song"" - Red House Painters, ""Paperhouse"" - Can, ""Building Steam with a Grain of Salt"" - DJ Shadow, ""Maggot Brain"" - Funkadelic, ""Accordion"" - MF Doom, ""Planet Caravan"" - Black Sabbath, ""Karma Police"" - Radiohead, ""Also Sprach Zarathustra"" - Richard Strauss",
119035,2019,1505,<30 minutes,"Phone, Laptop",Laptop,"Youtube, Spotify","Focus / Studying, To Relax / Wind Down, Fun / Entertainment","I like hip hop for fun, classical or soft pop for studying",3,4,1,3,1,3,4,2,3,NULL,"Bruno Mars, Ed Sheeran, Chance the Rapper","""Angels"" - Chance the Rapper",
119037,2019,1501,>4 hours,"Phone, Laptop, CD Player",Phone,"Youtube, Music downloading app","Focus / Studying, Dancing, Singing, To Relax / Wind Down, Fun / Entertainment","For everything: Semi-commie anarchist folk punk, Pat the Bunny, AJJ, Wingnut Dishwashers Union, Ramshackle Glory, Johnny Hobo and the Freight Trains, Ceschi, Matt Pless
For relaxing: Johnny Hobo, Ceschi",1,3,1,2,3,1,3,4,5,1,Wingnut Dishwashers Union ,"""Proudhon in Manhattan"" - Wingnut Dishwashers Union, ""What You Will"" - Matt Pless, ""Broken Heart"" - Ramshackle Glory, ""Volatile Utopian Real-Estate Market"" - Pat the Bunny Schneeweis, ""Galapagos"" - Ceschi",
119041,2019,1503,2-3 hours,"Phone, Laptop, Car Radio",Laptop,"Youtube, Tidal, Groove Music","Focus / Studying, Fun / Entertainment","For studying just anything chill like Frank Ocean, Saba, JCole basically hip hop and rnb. For fun which is basically with friends like bangers like lil Uzi vert, future, amine, stuff like that. :)",3,4,2,2,3,4,3,3,3,NULL,J. Cole,"""Super Rich Kids"" - Frank Ocean, ""Pink + White"" - Frank Ocean, ""A Tale of 2 Cities"" - J. Cole, ""Ville Mentality"" - J. Cole, ""Whip (Areyoudown?)"" - Saba, ""See You Again"" - Tyler the Creator",
119044,2019,1503,2-3 hours,"Phone, Laptop",Phone,"Youtube, Spotify, Amazon Music","Focus / Studying, To Relax / Wind Down","Studying: Classical (Shostakovich specifically) 
Relaxing: Khalid, HAIM, Harry Styles, the 1975, Franks Ocean",4,2,1,1,4,4,1,5,5,NULL,Frank Ocean,"""Forest Gump"" - Frank Ocean",
119049,2019,1502,3-4 hours,"Phone, Laptop, Car Radio, CD Player",Laptop,"Youtube, Spotify","Focus / Studying, Dancing, To Relax / Wind Down, Fun / Entertainment, to make mixes/podcasts/videos","Studying-Pop
Dancing-Pop, electronic, hip hop
Relax-Pop, folk, classical, opera
Fun-Pop, rock, hip hop
Other-every kind of music except country",5,5,3,5,5,3,4,3,4,NULL,The Beatles,"""Glorious"" - Macklemore, ""Hymn for the Weekend"" - Coldplay, ""Young Dumb and Broke"" - Khalid, ""Havana"" - Camila Cabello",
119051,2019,1506,<30 minutes,"Phone, Laptop, Car Radio",Phone,"Youtube, Spotify","Fun / Entertainment, Expose myself to Indian culture","Fun/Entertainment - Ed Sheeran, Sia, 21 Pilots, etc.; Other - Indian Classical (primarily sitar)",5,2,1,3,1,2,3,2,5,3,Anoushka Shankar,"""Flight"" - Anoushka Shankar, ""Reunion"" - Anoushka Shankar",
119056,2019,1501,2-3 hours,"Phone, Laptop",Laptop,Youtube,"Focus / Studying, Singing, To Relax / Wind Down, Fun / Entertainment","i like listening to classical for assigned readings, for studying i like listening to classic rock and alternative music and for entertainment/relaxing/singing i like listening to showtunes",4,4,1,2,5,4,3,5,5,NULL,Hayley Kiyoko,"""Palace""- Hayley Kiyoko, ""Television/So Far So Good""- Rex Orange County, ""Japanese Denim"" - Daniel Caesar, ""Rosa Dear"" - Ruth, ""I Am the Walrus"" - The Beatles, ""Teenage Dirtbag"" - Wheatus, ""Viva la Gloria"" - Green Day  ",
119058,2019,1502,2-3 hours,"Phone, Laptop",Phone,Spotify,"Focus / Studying, Dancing, Singing, Fun / Entertainment",studying - classical music or video game atmospheres/white noise; dancing - spanish pop; singing - literally anything with words; for fun - spanish music or any hype pop music,5,5,2,4,5,4,3,4,5,NULL,Alvaro Soler,"""Volar"" - Alvaro Soler, ""Backwoods in Dubai"" - Fumhere",
119069,2019,1503,<30 minutes,"Phone, Laptop",Phone,"Youtube, Spotify, Apple Music","Focus / Studying, To Relax / Wind Down","Classical for studying, but soft pop/indie otherwise",5,2,1,3,3,3,1,5,4,NULL,Ed Sheeran,Idk,
119070,2019,1504,2-3 hours,"Phone, Laptop",Laptop,Youtube,"Focus / Studying, To Relax / Wind Down, Fun / Entertainment","For studying, I like Chopin/classical music, but for relaxing/winding down, I like BTS & Gfriend/K-Pop.",2,2,1,4,1,1,5,2,5,NULL,"Chopin, GFriend, BTS","""Etudes Op. 10&25"" - Chopin, ""Me Gustas Tú"" - GFriend, ""Blood, Sweat, and Tears"" - BTS",
119073,2019,1506,1-2 hours,"Phone, Laptop",Phone,Youtube,"Focus / Studying, Dancing, Singing","For studying I like loud, bass-heavy music that makes me work fast, for dancing I like pop, and for relaxing I like anything with guitar in it",3,1,5,5,2,3,1,3,1,NULL,Idk,"""September Song"" - JP Cooper",
119074,2019,1506,<1 hour,Phone,Phone,"Youtube, Spotify","Focus / Studying, Dancing, To Relax / Wind Down","For studying, I like Sufjan Stevens, Two Door Cinema Club, and general alternative music. Otherwise, I like most genres. ",4,3,2,4,4,4,2,5,4,2,"Sufjan Stevens, Two Door Cinema Club","""Chicago"" - Sufjan Stevens, ""Roma Fade"" - Andrew Bird, ""Golden Veins"" - Two Door Cinema Club",
119096,2019,1504,<1 hour,"Phone, Laptop",Laptop,"Youtube, Spotify",Focus / Studying,Nujabes/instrumental music,2,4,2,1,4,2,3,4,2,NULL,Susumu Hirasawa,"""Forces"" - Susumu Hirasawa, ""Where is My Mind"" - Pixies, ""Eleanor Rigby"" - The Beatles",
119097,2019,1501,>4 hours,"Phone, Laptop",Laptop,"Youtube, Spotify, Google Play Music","Focus / Studying, To Relax / Wind Down, Fun / Entertainment","studying - classical/jazz, relax - chill, fun - pop/jungle/indie/rap/hiphop",3,4,1,4,2,4,4,4,4,4,Childish Gambino,"""Bout You"" - XUITCASECITY",
119101,2019,1504,<1 hour,Phone,Phone,"Youtube, Spotify","Focus / Studying, Dancing, Singing, To Relax / Wind Down, Fun / Entertainment","Studying - chillhop beats, electronic music, anything without words
dancing - lit music/mumble rap/etc
singing - super extra songs
relax - chance the rapper/melodic rap
fun - memey songs ",3,5,4,4,3,4,2,2,2,4,Joey Bada$$,"""For My People"" - Joey Bada$$, ""Paper Trails"" - Joey Bada$$",
119104,2019,1505,1-2 hours,"Phone, Laptop",Laptop,"Youtube, Spotify","Focus / Studying, Singing, To Relax / Wind Down, Fun / Entertainment, Studying music","Just gonna dump some random artists/groups:
Au5
Fractal
Razihel
Snail's House
Infected Mushroom
(way too many edm artists to count)
Gorillaz
July Talk
Sorority Noise
The Neighbourhood
Arctic Monkeys
Lana del Rey
The Kooks
The Strokes
PRhyme
Blackbear
Ivory Hours
The Magic Gang
Japanese Breakfast
Sithu Aye
Plini
Polyphia
Veil of Maya
Igorrr
Periphery
Intervals
Mowgli's
Crispr
Beach Weather
The Maine
Meshuggah
Grimes
Bear Hands
DJ Premier
Guru
Gangstarr
Milburn
Cage the Elephant
Moose Blood
CHON
The Wrecks
The Struts
highly Suspect
Ghost
The Wombats
Chase Atlantic
Foster the People
Grizfolk
The Japanese House
Modern Day Babylon, Gru, Widek, Cloudkicker
Blues Travelers
Flying Lotus
Jacob Collier
Snarky Puppy
Megadeth
Tyler the Creator
Shnabubula
etc.

Genres:
Metal (death, progressive, math, everything in between), classical (piano mostly, Beethoven, Chopin, Liszt, Tchaikovsky, etc), electronic (dance, experimental, IDM, etc.), acoustic/rock/alternative/pop, video game and anime soundtracks (mostly Nintendo for vg osts), I listen to anything really lmao",4,4,2,5,3,3,4,5,5,NULL,July Talk,Idk,
119107,2019,1502,1-2 hours,"Phone, Laptop",Laptop,"Youtube, Spotify","Focus / Studying, Singing, To Relax / Wind Down",I like pop music for all reasons.,5,4,2,1,1,5,5,5,3,4,EXO,"""For Life"" - EXO",
119115,2019,1502,2-3 hours,"Phone, Laptop",Phone,"Youtube, Youtube on computer, for phone, I save mp3's and put it into ""Documents""","Focus / Studying, To Relax / Wind Down","Uhhh, I just have a generic playlist I go through for everything. Sometimes I put up a separate piano instrumental playlist if i REALLY need to focus, but for the most part, my usual playlist consists of Kpop (mainly ballads though, or R&B), piano intrumentals, more ballads (Chinese/Japanese?). I'm usually not a huge fan of hype songs, or fast-paced/rap songs, but you might catch one or two of them in there.",3,2,1,3,1,4,5,4,3,3,"DooPiano, MILI, Day6, Taeyeon, Taeyang","""Butterfly"" - BTS, ""XOXO/Miracles in December"" - EXO, ""Limitless"" - NCT, ""Don't Wanna Cry"" Seventeen, ""Voice"" Standing Egg, ""Really Really"" WINNER, ""Fire"" Taeyeon ",
119118,2019,1501,2-3 hours,"Phone, Laptop, Does jamming out on the Piano by myself count?",Other,"Youtube, Spotify, Google Play Music, Pirate Bay?","Focus / Studying, To Relax / Wind Down, Fun / Entertainment, Sometimes I put earbuds in just to dissuade conversation because I'm socially awkward :(","I like listening to classical music, or just anything that isn't tainted with the human voice. ",2,1,1,2,2,1,2,2,5,4,Beethoven,"""4'33"""" - John Cage",
119126,2019,1505,3-4 hours,"Phone, Laptop",Laptop,"Youtube, Spotify","Focus / Studying, Singing, To Relax / Wind Down, Fun / Entertainment",EDM/ Rap/ Classical/ Pop/ Trap/ ,5,5,1,5,4,3,3,3,4,3,NF,"""Color"" - Marshmello, ""Intro 2"" - NF, ""Arcade"" - Dimitri Vegas",
119137,2019,1506,>4 hours,"Phone, Laptop",Phone,"Youtube, Spotify","Focus / Studying, To Relax / Wind Down, Fun / Entertainment","For studying rap and r&b like j.cole, Kendrick Lamar, xxxtentacion, russ, rihanna, drake, and Frank ocean etc/ for relaxing I listen Alicia keys, Elliot moss, suran, IU, and epik high/ for fun I listen to postmalone, bts, exo, amine, camila Cabell, and lil pump",4,5,1,2,1,5,5,5,2,NULL,"EXO, Kendrick Lamar, Michelle Jackson","""Slip"" - Elliot Moss, ""Fallin'"" - Alicia Keys, ""Lotto"" - EXO, ""Monster"" - EXO, ""Kokobop"" - EXO, ""Wine"" - Suran, ""Stay With My"" - Chanyeol, and ""Bleed"" - Epik High",
119140,2019,1504,>4 hours,"Phone, Laptop",Laptop,Spotify,Focus / Studying,"I like EDM for dancing and, classical and low-fi electronic for work and relaxation, and alternative and punk rock sometimes",2,2,1,5,5,2,3,5,4,NULL,Slow Magic,"""Youth Group"" - Slow Magic",
119141,2019,1503,3-4 hours,"Phone, Laptop",Laptop,"Youtube, soundcloud","Focus / Studying, Singing, To Relax / Wind Down, Fun / Entertainment",i like listening to angsty teenage music aimed towards girls whenever ,4,4,1,5,1,1,2,3,2,1,Excision ,"""Sleep Talking"" - Charlotte Lawrence",
119142,2019,1501,3-4 hours,"Phone, Laptop",Laptop,"Youtube, Spotify","Focus / Studying, To Relax / Wind Down, Fun / Entertainment","For studying I prefer classic and really chill songs (the weeknd or khalid or the neighbourhood) 
For relaxing it's really anything although I prefer saint motel, Janelle Monae, and Beyonce
For fun usually Cardi B, Beyonce, demi lovato, cruel youth",3,3,1,2,3,4,2,5,5,4,"Khalid, Beyoncé","""Japanese Denim"" - Daniel Caesar",
119146,2019,1501,2-3 hours,"Phone, Laptop",Phone,Youtube,"Focus / Studying, Singing, To Relax / Wind Down, Fun / Entertainment",I usually like chill music for most things,4,4,2,3,3,3,4,4,4,NULL,Twenty One Pilots,"""Truce"" - Twenty One Pilots",
119151,2019,1502,<1 hour,"Phone, Laptop",Laptop,"Youtube, Spotify, Pandora","Focus / Studying, Singing, To Relax / Wind Down, Showering",I really like acoustic covers or just mellow songs for autumn relaxing,5,4,3,2,3,4,4,4,4,NULL,Lords,"""This Too Shall Pass"" - Yolanda Adams",
119156,2019,1505,1-2 hours,Laptop,Laptop,Spotify,"Focus / Studying, To Relax / Wind Down, Fun / Entertainment",My playlist consists of classic rock and some punk rock with some classical music thrown in.,2,3,1,2,4,3,2,2,5,5,Vitamin String Quartet,"""Bohemian Rhapsody"" - Queen",
119158,2019,1503,2-3 hours,"Phone, Laptop",Phone,"Youtube, Spotify","Focus / Studying, Dancing, To Relax / Wind Down, Fun / Entertainment","studying: movie soundtracks, dancing: bollywood, winding down and fun: everything!",4,4,3,5,3,4,3,5,4,NULL,"Khalid, Oh Wonder, Chance the Rapper, Childish Gambino","""Electric Love"" - BØRNS, ""Landslide"" - Stevie Nicks, ""Cocoa Butter Kisses"" - Chance the Rapper, ""Another Sad Love Song"" - Khalid, ""Stone Street"" - Ms. White",
119163,2019,1506,3-4 hours,"Phone, Laptop",Laptop,Spotify,"Focus / Studying, To Relax / Wind Down, Fun / Entertainment","To study I listen to soft indie pop, to relax I can honestly listen to anything, and usually for fun I listen to new music",5,3,2,2,3,4,4,4,3,NULL,"Cage the Elephant, Chance the Rapper","""Telescope"" - Cage the Elephant, ""Time Travel"" - Never Shout Never",
119164,2019,1504,3-4 hours,"Phone, Laptop",Phone,Spotify,"Focus / Studying, To Relax / Wind Down, Fun / Entertainment","For all purposes, I like classical music. Mozart, Rachmaninoff, Weber, Beethoven, etc. Here and there I like rap music for entertainment and sometimes studying.",1,4,1,1,2,1,3,1,5,NULL,Carl Maria von Weber,"""Concertino in Eb"" - Weber, ""Capriccio Espagnol"" - Rimsky-Korsakov",
119174,2019,1503,3-4 hours,"Phone, Laptop",Laptop,"Youtube, Spotify","Focus / Studying, Singing, To Relax / Wind Down, Fun / Entertainment","For studying I like instrumental songs of OST's or K-pop, for jamming out I like Alternative/Bands/Pop",4,1,1,3,3,3,5,5,2,2,"BTS, Troye Sivan",Idk,
119184,2019,1506,3-4 hours,"Phone, Laptop",Phone,Spotify,"Focus / Studying, Dancing, Singing, To Relax / Wind Down, Fun / Entertainment","studying: alternative hip hop dancing: anything relax: people like rex orange county, clairo, etc. ((i usually just pick one of my playlists and just roll with it))",3,5,1,4,5,5,4,5,4,NULL,Idk,"""Penelope"" - Col3trane, ""A Song About Being Sad"" - Rex Orange County, ""Humongous"" - Declan McKenna, ""Yellow Maze"" - Meltycanon, ""Heteroverheels"" - Dan&Drum, ""Little of Your Love"" - HAIM, ""Honey Whiskey"" - SATICA",
119187,2019,1506,2-3 hours,"Phone, Laptop",Phone,Spotify,"Focus / Studying, To Relax / Wind Down, Block out the world ","Studying: Spotify brain food playlist, or Spanish music if Spanish hw
Relax & tune out: grime, rap (Post Malone, logic, J Huss) ",3,5,1,3,2,4,3,3,3,NULL,Post Malone,"""Rockstar"" - Post Malone, ""Candy Paint"" - Post Malone, ""Go Flex"" - Post Malone",
119189,2019,1506,2-3 hours,Laptop,Laptop,"Youtube, Spotify, Pandora","Focus / Studying, To Relax / Wind Down, Fun / Entertainment","For studying, I like instrumentals, but not classical. For fun, I like The Lumineers, Alt-J, Lorde, and Bon Iver.",4,2,1,1,3,2,1,5,4,NULL,"Lorde, Bon Iver","""Don't Delete the Kisses"" - Wolf Alice, ""Blood Bank"" - Bon Iver, ""Sleep on the Floor"" - The Lumineers",
119194,2019,1503,<30 minutes,Phone,Phone,Spotify,"To Relax / Wind Down, Fun / Entertainment","To relax and have fun, I like 80s-90s alternative rock.",2,3,1,2,3,4,2,5,3,3,Arctic Monkeys,"""Knee Socks"" - Arctic Monkeys, ""Hotel California"" - Eagles, ""Fitzpleasure"" - alt-J",
119202,2019,1503,1-2 hours,"Laptop, Car Radio",Laptop,"Youtube, Spotify","Focus / Studying, To Relax / Wind Down, Fun / Entertainment","For focusing I like to listen to Chinese music. To relax I listen to lo fi. For fun I listen to alternative, indie, or rap",3,4,2,3,3,4,3,5,4,NULL,My Chemical Romance,"""Janet"" - Berhana",
119209,2019,1501,>4 hours,"Phone, Laptop",Laptop,"Youtube, Spotify, Soundcloud","Focus / Studying, Singing, To Relax / Wind Down, Fun / Entertainment","Studying: Lo-fi hip hop (it's lit)
Singing: Pretty much anything
Relax: Electronica (liquid dubstep most often)
Fun: 90s-2000s rock, anything by Twenty One Pilots/Deftones/Maynard James Keenan, more electronica",2,3,1,5,4,2,2,5,3,3,Twenty One Pilots,"""Ode to Sleep"" - Twenty One Pilots, ""Be Concerned"" - Twenty One Pilots, ""Clear"" - Twenty One Pilots",
119214,2019,1502,2-3 hours,"Phone, Laptop",Laptop,Spotify,"Focus / Studying, Singing, To Relax / Wind Down, Fun / Entertainment","For studying, I really like listening to the Ratatouille soundtrack or Desi music so that I don't focus on the lyrics. 
For singing, I listen to old Disney theme songs courtesy of DChen's fire playlist.
For relaxation, I listen to mostly Frank Ocean or Khalid or some other similar chill R&B artists
For fun, I like pop, hip-hop, rap, basically anything but country. ",4,5,1,2,2,5,3,4,3,NULL,Frank Ocean,"""Ivy"" - Frank Ocean, ""Biking"" - Frank Ocean, ""Another Sad Love Song"" - Khalid, ""Down"" - Marian Hill",
119228,2019,1502,<30 minutes,"Phone, Laptop",Laptop,"Youtube, Spotify, Apple Music, Soundcloud","Focus / Studying, To Relax / Wind Down, Fun / Entertainment","Fun/Entertainment - pop/k-pop songs, same for other purposes as well",5,4,3,2,2,3,5,3,2,NULL,EXO,"""Peter Pan"" - EXO, ""Twenty-three"" - IU, ""Hate"" - 4minute",
119229,2019,1502,2-3 hours,"Phone, Laptop, Car Radio",Phone,"Youtube, Pandora, Downloaded music","Focus / Studying, Dancing, To Relax / Wind Down, Fun / Entertainment","For focus I like indie soul/Erykah Badu. For dancing I like hip hop or trap, to relax I like r&b or gospel and for fun I listen to pop or hip hop.",4,4,3,3,2,5,1,2,3,NULL,"Kirk Franklin, Sam Smith, Beyoncé, India Arie","""Video"" - India Arie ",
119230,2019,1506,>4 hours,"Phone, Laptop",Laptop,"Youtube, Spotify, Google Play Music, samsung music","Focus / Studying, To Relax / Wind Down, Fun / Entertainment","for studying, I like lorde, bastille, and the score. For relaxing I like chillstep. For entertainment I like K-pop and edm",3,4,2,5,3,1,5,4,3,NULL,Shinigami,"""Legends Never Die"" - League of Legends",
119271,2019,1506,2-3 hours,"Phone, Laptop",Laptop,"Youtube, Spotify, Pandora","Focus / Studying, Dancing, To Relax / Wind Down",studying: classical film scores. dancing: depends on my mood. make me feel better: john legend or rap,3,4,2,3,2,5,3,5,5,4,"Jakubi, John Legend","""Geek in Pink"" - Jason Mraz, ""Alright"" - Kendrick Lamar",
119273,2019,1504,2-3 hours,"Phone, Laptop",Phone,"Youtube, Spotify",Focus / Studying,"For studying, Joji (hip-hop)",2,4,2,4,3,2,2,3,3,2,Joji,"""World$tar Money"" - Joji",
119276,2019,1503,2-3 hours,"Phone, Laptop",Phone,Spotify,"Focus / Studying, To Relax / Wind Down, Fun / Entertainment","Lo-fi for studying or sad, anything alt Rock for day to day, mandopop for chill happy",5,3,3,3,5,3,5,5,3,NULL,"July Talk, K. Flay ","""Best Friends"" - Grandson",
119288,2019,1507,>4 hours,"Phone, Laptop, Car Radio",Car Radio,"Youtube, Spotify, Pandora, Downloaded","Focus / Studying, To Relax / Wind Down, Fun / Entertainment, Driving","Either Russian music from groups like ????, Classic country, and a wide variety of rock from The Grateful Dead to Lynyrd Skynyrd",1,1,5,1,5,1,1,2,2,1,"Lynyrd Skynyrd, ????, Toby Kieth, Hank Williams","""Floyd"" - Lynyrd Skynyrd, ""Desperado"" - Eagles, ""Blue Eyes Crying in the Rain"" - Hank Williams, ""American Trilogy"" - Mickey Newbury, ""Brokedown Palace"" - Grateful Dead, ""Neon Moon & My Maria"" - Brookes and Dunn",
119289,2019,1504,2-3 hours,"Phone, Laptop",Phone,"Youtube, Apple Music","Focus / Studying, Dancing, Singing, To Relax / Wind Down, Fun / Entertainment, cryig",for focus i like bjork but for fun/dancing i like lady gaga i also like st. vincent for crying and dancing and all,4,3,2,2,2,2,2,4,3,NULL,Björk,"""Psychopath"" - St. Vincent",
119290,2019,1506,2-3 hours,"Phone, Laptop",Phone,Spotify,"Focus / Studying, Dancing, Singing, To Relax / Wind Down, Fun / Entertainment","For focusing I like classical music, for dancing I like pop music, for singing I like rex orange county, to relax and entertainment I like indie folk",3,4,1,1,2,4,3,5,3,3,Mac DeMarco,"""A Song About Being Sad"" - Rex Orange County, ""Television/So Far So Good"" - Rex Orange County, ""Crew"" - Goldlink, ""See You Again"" - Tyler the Creator",
119301,2019,1507,1-2 hours,"Phone, Laptop",Laptop,"Youtube, Spotify","Focus / Studying, Singing, To Relax / Wind Down","For singing, Disney or soft pop/indie. To relax, chillstep or lo-fi, and for studying modern piano or lo-fi",4,4,2,4,4,3,3,5,2,NULL,Idk,Idk,
119308,2019,1507,2-3 hours,"Phone, Laptop, Ipod, Car Radio",Laptop,,"Focus / Studying, Singing, To Relax / Wind Down, Fun / Entertainment",Classical for study,2,2,2,3,5,4,1,5,5,4,Pink Floyd ,"""Shine On You Crazy Diamond"" - Pink Floyd",
120002,2020,1503,<1 hour,"Phone, Laptop",Phone,"Youtube, Apple Music","Focus / Studying, Fun / Entertainment","Alternative for both, Classical for studying",4,3,2,3,3,3,3,5,4,2,OneRepublic,"""I Lived"" - OneRepublic",
120005,2020,1504,2-3 hours,"Phone, Laptop",Phone,"Youtube, Spotify","Focus / Studying, To Relax / Wind Down","Kanye for everything, obvi. However if I'm on that straight grind I get into that k-romance so I get in2 the zone if u know what I mean. If I'm just trillin I prefer some quality rap.",3,5,1,1,3,3,3,3,2,3,Kanye West,"""Homecoming"" - Kanye West",
120006,2020,1504,>4 hours,"Phone, Laptop",Laptop,"Youtube, Spotify, Google Play Music","Focus / Studying, Dancing, Singing, To Relax / Wind Down, Fun / Entertainment",Pop and Hip-hop for all,5,5,3,4,2,3,1,1,1,NULL,Taylor Swift,"""Wildest Dreams"" - Taylor Swift",
120012,2020,1503,>4 hours,"Phone, Laptop, Car Radio",Laptop,"Youtube, Spotify, Pandora","Focus / Studying, Dancing, Singing, To Relax / Wind Down, Fun / Entertainment","For studying, I will lean towards instrumental/classical, for winding down I'll listen to pretty much anything pop",5,2,1,5,1,2,1,2,5,NULL,Hans Zimmer,Idk,
120015,2020,1503,<1 hour,Laptop,Laptop,Youtube,"Focus / Studying, To Relax / Wind Down","EDM, mostly chill, but some other artists like Son Lux and Saltillo",2,3,1,5,3,3,4,4,3,2,Idk,"""Dream State"" - Son Lux",
120017,2020,1504,1-2 hours,"Phone, Laptop",Laptop,Youtube,Fun / Entertainment,"I like just about any genre, but on a love-like-don't mind scale,

Love - Classical
Like - Anything else
Don't Mind - Country",4,4,3,5,4,4,4,5,5,5,Maurice Ravel,"Ravel, Flume, Hermitude, Paganini, Saint-Saens, Lorde, ""Unwind (AUGUSTII remix)"" - Sandovall, ""Night On Bald Mountain"" - Mussorgsky, ""Islamey"" - Balakirev, ""Prelude for Time Feelers"" - Eluvium, ""Notorious Thugs"" - Biggie Small, ""Eight Caprice-Etudes"" - Weniawski, ""The Duet OST"" - Tim Shiel",
120026,2020,1507,>4 hours,"Phone, Laptop",Laptop,Spotify,"Focus / Studying, To Relax / Wind Down, Fun / Entertainment",All the same,4,5,1,4,2,4,1,4,3,NULL,Kanye West,"""Saint Pablo"" - Kanye West",
120030,2020,1507,1-2 hours,"Phone, Laptop",Phone,"Youtube, Spotify, Apple Music",Focus / Studying,"For studying- classical
",3,2,1,4,2,2,2,2,4,4,Idk,Idk,
120031,2020,1507,2-3 hours,"Phone, Laptop",Laptop,Youtube,"Focus / Studying, Dancing, Singing, To Relax / Wind Down, Fun / Entertainment","Trap music and edm, also dubstep, Artists such as Martin Garrix, Marshmello, and Alan Walker are my favorites",3,3,1,5,4,3,4,3,4,NULL,Martin Garrix,"""Alone"" - Marshmello, ""In the Name of Love"" - Martin Garrix and Bebe Rexha, ""7 months"" - KC",
120038,2020,1505,3-4 hours,"Phone, Laptop",Laptop,"Youtube, Google Play Music, iTunes","Focus / Studying, To Relax / Wind Down, Fun / Entertainment","For productive studying or other important projects, non-lyrical music is the best suited to minimize distractions and cancel out noise. Otherwise, I generally love positive music.",4,3,3,5,3,3,2,4,5,5,Idk,"""Ride of the Valkyries"" - Richard Wagner, ""Peanut Vendor"" - Stan Kenton, ""Don't Worry Be Happy"" - Bobby McFerrin, ""The Sun is Burning"" - Simon and Garfunkel",
120050,2020,1506,1-2 hours,"Phone, Laptop",Phone,"Youtube, Spotify",Focus / Studying,for studying relaxing and rap depends on the subject,5,5,1,2,2,5,2,4,1,1,The 1975,"""Digital Druglord"" - Blackbear",
120057,2020,1501,<1 hour,"Phone, Laptop",Phone,Spotify,"Focus / Studying, To Relax / Wind Down",For both studying and relaxing I like to listen to classic rock,3,2,1,2,5,4,3,3,2,NULL,Queen,"""Hooked on a Feeling"" - Blue Swede",
120069,2020,1505,3-4 hours,"Phone, Laptop, Car Radio",Phone,Youtube,"Focus / Studying, Singing, To Relax / Wind Down, Fun / Entertainment, Pretty much for anything there is a song I will be listening to",I love Rock and Punk Rock with some pop thrown in every once in a while,5,1,2,4,5,1,1,5,1,NULL,Imagine Dragons,"""Radioactive"" - Imagine Dragons, ""Holiday"" - Green Day, ""Last of the Real Ones"" - Fall Out Boy, ""The Wolf"" - SIAMÉS",
120072,2020,1503,<1 hour,Phone,Phone,"Youtube, Spotify, Apple Music","To Relax / Wind Down, Fun / Entertainment","I listen to the same music for these situations which includes George Ezra, Paramore, and Hudson Taylor. I’m general I just enjoy chill music for any situation",3,2,1,3,3,3,4,4,4,NULL,George Ezra,"""Barcelona"" - George Ezra+U149, ""Hard Times"" - Paramore, ""Da Vinci Riot Police"" George Ezra",
120074,2020,1502,>4 hours,"Phone, Laptop",Phone,"Youtube, Spotify","Focus / Studying, Singing, To Relax / Wind Down, Fun / Entertainment",I listen to a large variety of music. I do not have a specific genre for different activities. I just listen to what I am in the mood for.,4,4,1,3,3,5,5,3,5,4,BTS,"""Nevermind"" - BTS, ""Jump"" - BTS, ""Tomorrow"" - BTS, ""Cypher pt 3"" - BTS, ""Cello Suite"" - Bach, ""Dear No One"" - Tori Kelly, ""Warrior"" - Demi Lovato, ""Spring Allegro"" - Vivaldi",
120077,2020,1502,3-4 hours,"Phone, Laptop, Ipod, CD Player",Phone,"Youtube, 8tracks","Focus / Studying, Singing, To Relax / Wind Down, Fun / Entertainment, coping","For focusing, I like electronic, I sing to everything, especially Vocaloid and showtunes, I relax with anything, I listen to punk/dance/pop for fun, and I listen to grunge to cope",3,4,1,5,5,1,4,5,3,2,JubyPhonic,"""Self-Inflicted Achromatic"" - JubyPhonic, ""Dead Girl Walking"" - Heathers",
120082,2020,1502,3-4 hours,"Phone, Laptop",Laptop,"Youtube, Spotify, Google Play Music, Pandora","Focus / Studying, Singing, To Relax / Wind Down, Fun / Entertainment","Kpop all day everyday <3 for studying maybe slower kpop songs or k hiphop, all the rest of the genres of kpop (pop and dance) can be played any other time",5,5,2,2,1,5,5,3,4,NULL,"EXO, Bigbang, BTS, Seventeen, NCT, Vixx, Dean, Red Velvet, Ikon, Winner, Jay Park","""Trauma"" - Seventeen, ""Metronome"" - Jay Park",
120083,2020,1501,2-3 hours,"Phone, Laptop, Video game music",Laptop,Youtube,"Focus / Studying, To Relax / Wind Down, Fun / Entertainment","For all, I prefer instrumental music, particularly Pokémon.",2,1,3,2,3,3,3,3,4,NULL,Idk,Idk,
120084,2020,1502,>4 hours,"Phone, Laptop",Phone,"Youtube, Spotify, soundcloud","Focus / Studying, Dancing, To Relax / Wind Down","For studying, Lofi hip hop and/or classical. Primarily music without words.
For dancing, any and every genre and era.
To Relax/ Wind Down, soul disco from the 70s (artists such as Bobby Caldwell etc.) Kaytranda, Mellow R&B from the 90s till now",2,4,3,4,4,4,3,4,4,5,The Internet,"""Great Dane"" - Cosmo Pyke",
120085,2020,1506,1-2 hours,Laptop,Laptop,Youtube,Focus / Studying,"studying - tyler the creator, rex orange county, japanese disco?, dance gavin dance",4,4,2,5,4,3,5,5,5,5,Tyler the Creator,"""See You Again"" - Tyler the Creator, ""Untitled"" - Rex Orange County, ""Plastic Love"" - Mariya Takeuchi",
120089,2020,1501,>4 hours,"Phone, Laptop, Car Radio",Phone,Youtube,"Focus / Studying, Fun / Entertainment","I listen to K-Pop (BTS, SHINee, Big Bang) and anime openings (ONE PUUUUUUNCH) for fun, and for studying I listen to Chopin and select pieces from video games (literally every piece from Shadow of the Colossus) and anime. Chopin is my life fite me Mozart",2,3,1,4,2,4,5,5,5,4,Pink Guy ,"""Ancestral Steppe Theme"" - Monster Hunter 4 Ultimate, ""A Despair-Filled Farewell"" - Shadow of the Colossus, ""Death by Glamou"" - Toby Fox, ""Reset"" - Okami, ""Anime Op's Flyers"" - Death Parade, ""This Game"" - No Game No Life, ""Rain"" - Full Metal Alchemisty: Brotherhood, ""Let Me Hear"" - Parasyte, ""War of Hormone"" - BTS, ""Lucifer"" - SHINee, ""Nocturne Op. 9 No. 2"" - Chopin, ""Trap Dumplings"" - Filthy Frank, ""The Wolf"" - SIAMES, ",
120094,2020,1505,<1 hour,Phone,Phone,"Youtube, Spotify","To Relax / Wind Down, Fun / Entertainment","I listen to Klezmer music (the musical tradition of the Jews of Europe) often. I find it entertaining and interesting. I will listen to some other instrumental music, like Jazz/Classical, for similar reasons, but I do so much less often. I often listen to Parno Graszt and Fanfare Ciocarlia, Hungarian and Romanian folk bands, respectively. 

I listen to some Ska music, especially revival bands such as The Specials, Madness, and The Selecter, because they're upbeat and fun. 

I listen to Calle Trece (puerto rican rap band) and some american rap music because the lyrics are fantastic. 

I listen to some vaporwave/Simpsonwave on occasion as part of an exercise in Accelerationist ideology.",2,4,1,3,3,3,2,2,4,NULL,Fanfare Ciocarlia,"""Besh O Drom"" - Fanfare Ciocarlia, ""Hora Lui Damian"" - The Klezmorim, ""Adentro"" - Calle Trece, ""Through The Roof 'n' Underground"" - Gogol Bordello, ""A Message to You Rudy"" - The Specials",
120095,2020,1502,1-2 hours,"Phone, Laptop",Phone,Youtube,"Focus / Studying, To Relax / Wind Down, Fun / Entertainment","To relax/ for studying, I like Classical, like Mozart and Tchaikovsky. For fun, I like to listen to really eclectic bands/singers like bnny rbbt that don't have a specific genre. ",2,1,1,5,3,2,2,5,5,5,BNNY RBBT ,"""Lacrimosa"" - Mozart",
120097,2020,1504,3-4 hours,"Phone, Laptop, Car Radio",Laptop,"Youtube, Spotify","Focus / Studying, Dancing, Singing, To Relax / Wind Down, Fun / Entertainment","Focus: jazz 
Dancing/Singing:pop, rap
Relax:chill edm or jazz
Fun: edm and rap and classic rock",3,4,1,5,5,3,3,3,4,5,The Beatles,"""Havana"" - Camila Cabello, ""Don't Fear the Reaper"" - Blue Oyster Cult",
120098,2020,1502,2-3 hours,"Phone, Laptop, Ipod, Tablet ",Other,Spotify,"Focus / Studying, Dancing, To Relax / Wind Down, Showering",I like trap music or edm,3,3,1,4,2,2,1,2,2,NULL,Major Lazer,"""Playground"" - Major Lazer",
120099,2020,1504,1-2 hours,"Phone, Laptop",Phone,Spotify,"Focus / Studying, To Relax / Wind Down, Fun / Entertainment",hip-hop for everything,3,5,3,2,2,3,3,3,3,3,Kendrick Lamar,"""King Kunta"" - Kendrick Lamar",
120105,2020,1504,1-2 hours,Laptop,Phone,"Youtube, Spotify","Focus / Studying, Exercising","For studying, I like math rock (artists: Delta Sleep, TTNG) and rap (Madvillainy, BROCKHAMPTON). For exercising I like alt-rock (Radiohead, Smashing Pumpkins), Metallica, and rap as well.",2,4,2,3,5,2,2,5,2,NULL,Radiohead,"""Paranoid Android"" - Radiohead, ""Lake Sprinkle Sprankle"" - Delta Sleep, ""Raid"" - Madvillain",
120108,2020,1502,2-3 hours,"Phone, Laptop, Ipod",Laptop,"Youtube, 8tracks","Focus / Studying, Singing, Fun / Entertainment","For studying, I like classical music, but I also use it for dancing. Also for studying I like to just put one song I like on repeat, but any music without many words or is entirely words helps me focus. I like to listening to musical and movie soundtracks for singing, as well as folkish music. I'll listen to anything for fun or entertainment.",4,4,3,3,4,4,3,4,5,NULL,Marina and the Diamonds,"""What You Know"" - Two Door Cinema Club, ""Tr?dowata Walc"" - Wojciech Kilar",
120109,2020,1501,3-4 hours,"Phone, Laptop",Phone,"Youtube, Spotify","Focus / Studying, Dancing, To Relax / Wind Down, Fun / Entertainment","For focusing, I like string quartets, especially arrangements of songs i already know/ for dancing, i like mostly pop music/ to relax and wind down I listen to a lot of RnB/ for fun and entertainment, I listen to rap and hip hop music",4,5,2,3,2,5,1,4,4,NULL,H.E.R.,"""Best Part"" - H.E.R., ""Gone Away"" - H.E.R., ""Make Daddy Proud"" - Blackbear, ""Needed Me"" - Rihanna",
120112,2020,1501,2-3 hours,"Phone, Laptop",Laptop,"Youtube, Spotify","Focus / Studying, To Relax / Wind Down",I like to listen to Spotify’s playlist called Peaceful Piano for studying. For relaxing I like to listen to songs in Spanish that I like and indie pop music too. ,3,2,4,4,3,3,4,5,5,3,"LANY, Shakira, The 1975, Laura Pausini","""Entre Tú Y Mil Mares"" - Laura Pausini, ""Pink Skies"" - LANY, ""Settle Down"" - The 1975, ""Antología"" - Shakira",
120113,2020,1506,2-3 hours,Laptop,Laptop,Spotify,"Focus / Studying, tune out others","it varies, if i need to get in the mood for studying I'll listen to something fun like Christmas music or musicals, but usually ill just listen to indie or pop",5,3,2,2,3,3,1,5,3,NULL,Young the Giant,"""Hallelujah"" - Jeff Buckley",
120116,2020,1504,You forgot,To put,Other,To,To ,Other options for music genres including jazz.,3,3,3,3,3,3,3,3,3,NULL,Idk,Idk,
120126,2020,1507,1-2 hours,"Phone, Laptop",Phone,Spotify,"Focus / Studying, Fun / Entertainment",Rap and pop,4,4,1,4,3,3,3,3,4,NULL,Imagine Dragons,Idk,
120131,2020,1501,>4 hours,"Phone, Laptop, CD Player",Phone,"Youtube, Pandora","Dancing, To Relax / Wind Down, Fun / Entertainment",Anything but country,3,4,1,3,5,3,2,2,5,NULL,NF,"""Mansion"" - NF, ""Real"" - NF, ""Notepad"" - NF, ""Can You Hold Me"" - NF",
120136,2020,1506,3-4 hours,"Phone, Laptop",Phone,"Youtube, Spotify","Focus / Studying, Singing, To Relax / Wind Down, Fun / Entertainment",Songs from various musicals. ,3,2,1,1,3,2,1,2,3,3,The Original Broadway Cast of Rent ,"""Rent"" - The Original Broadway Cast of Rent",
120139,2020,1503,2-3 hours,"Phone, Laptop, Car Radio",Phone,"Youtube, Spotify, Google Play Music","Focus / Studying, Dancing, Singing, To Relax / Wind Down, Fun / Entertainment","For studying classical music and ballads, For dancing spanish music, kpop, pop, R&B, HipHop, and Rap, For Singing and winding down it would me ballads, kpop, old spanish songs, and rap, For Fun everything especially KPOP and Spanish Music<3",4,5,2,3,3,5,5,5,5,NULL,"BTS,, Dean, Juanes",Idk,
120143,2020,1503,3-4 hours,"Phone, Laptop",Phone,"Youtube, Spotify, Google Play Music, Pandora","Focus / Studying, Dancing, To Relax / Wind Down, Fun / Entertainment",For dancing...I can dance to any music.    EDM is preferable tho.  Studying must be softer music. ,4,3,2,5,3,4,3,5,4,4,Idk,"""Cold Cold Cold"" - Cage the Elephant ",
120145,2020,1501,1-2 hours,"Phone, Laptop",Laptop,"Youtube, Spotify","Focus / Studying, To Relax / Wind Down, Fun / Entertainment","For studying I like to listen to music streams of lo-fi music on YouTube, because they usually are instrumental and help me concentrate. For leisure, I like to listen to indie rock (Dntal, Car Seat Headrest, Crywank), rap music (Tyler, The Creator, Tupac, Biggie, etc.) and some old rock like Nirvana, Pink Floyd, Queen, the Moody Blues, and more.",3,5,2,4,5,4,3,5,5,NULL,"Nirvana, My Chemical Romance","“The Ghost of You” - My Chemical Romance, “Pope Alexander” - Crywank, “Fill in the Blank” - Car Seat Headrest, “Polly” - Nirvana. ",
120146,2020,1502,2-3 hours,"Phone, Laptop, Car Radio",Phone,Amazon Music,"Dancing, Singing, Fun / Entertainment",I like a mix pop and rap,4,4,1,3,2,4,3,2,2,2,Idk,Idk,
120163,2020,1506,<30 minutes,"Phone, Laptop, Ipod",Laptop,Youtube,Fun / Entertainment,"I enjoy listening to KPOP, acapella, remixes, alt rock, and movie/tv/anime/etc. intro songs",4,4,1,3,4,2,5,4,3,2,Twenty One Pilots,"""Heavy Dirty Soul"" - Twenty One Pilot, ""Guns for Hands"" - Twenty One Pilots, ""Polarize"" - Twenty One Pilots",
120169,2020,1501,1-2 hours,"Phone, Laptop",Phone,"Youtube, Spotify, Pandora","Focus / Studying, To Relax / Wind Down, Fun / Entertainment","Usually rap or rock for most of them, sometimes I find some chill music like the Lumineers for studying",3,5,3,3,5,5,3,5,3,5,Led Zeppelin,"""Stairway to Heaven"" - Led Zeppelin, ""Congratulations"" - Post Malone, ""Kind of Blue"" - Miles Davis",
120171,2020,1506,>4 hours,"Phone, Laptop",Phone,"Youtube, Spotify, Pandora","Focus / Studying, To Relax / Wind Down, Fun / Entertainment","I like edm for leisure, but lyrical or rock,pop,kpop for homework, but slow songs for reading",4,4,2,5,5,3,5,4,2,NULL,"Fall Out Boy, Hollywood Undead, BTS","""Phoenix"" - Fall Out Boy, ""Riot"" - Hollywood Undead, Fire (artist corresponds to order form previous question)",
120176,2020,1507,2-3 hours,"Phone, Laptop",Phone,Spotify,"To Relax / Wind Down, Fun / Entertainment",For relaxing ill listen to more mellow alternative music like weezer or muse and for fun or somewhere inbetween ill listen to harder rock like iron maiden of primus. ,3,2,1,2,5,2,1,5,1,1,Weezer,"""Too Many Puppies"" - Primus, ""Feel Good Inc"" - Gorillaz",
120180,2020,1502,1-2 hours,"Phone, Laptop",Phone,Spotify,"To Relax / Wind Down, Fun / Entertainment","for fun: hip hop, rap. to relax: r&b",2,5,1,1,1,5,1,4,1,NULL,"J. Cole, Kanye West, Tupac","""F.U.B.U."" - Solange, ""All Falls Down"" - Kanye West, ""Cupid"" - 112",
120182,2020,1506,1-2 hours,"Phone, Laptop",Laptop,"Spotify, Pandora","Focus / Studying, Fun / Entertainment","For studying, I like music in foreign languages and for fun, I like rap music not about girls and drugs",4,5,1,2,4,2,2,3,3,1,Riles,"""Understood"" - Riles, ""Tainted Love"" - Soft Cell",
120183,2020,1505,<30 minutes,"Phone, Laptop, Car Radio",Laptop,Youtube,"Focus / Studying, Dancing, Singing",Memes,3,4,4,2,2,2,2,2,5,2,Kevin MacLeod,"""Welcome to My Mind"" - Psykosonik",
120184,2020,1507,<1 hour,Laptop,Laptop,"Youtube, Pandora","Focus / Studying, Singing, To Relax / Wind Down, Fun / Entertainment, As better background music for a game","Disney for fun/singing, Anime music for everything, Celtic music for studying/singing, and Choral music or Game music for better background tracks.",4,3,4,4,4,4,4,4,5,5,Eric Whitacre,"""Loch Lohmond"", ""Enjoy the Silence"" - Eric Whitacre, ""How Far I'll Go"" - Moana, ""Enormous"" - Da Vinci's Notebook",
120188,2020,1503,>4 hours,"Phone, Laptop, Car Radio",Phone,"Spotify, Pandora",Fun / Entertainment,"I like to listen to kpop when I do my homework, Yiruma for when I'm going to sleep, and Mexican music to help me wake up (bachata, banda, etc.)",4,3,1,2,2,2,5,3,5,3,"Got7, Yiruma, Bruno Mars, Pierce the Veil, Sleeping with Sirens, Aventura, Monchy & Alexandra, Braden Barrie","""River Flows in You"" - Yiruma, ""Mi Gente"" - J Balvin and Willy William, ""Floral and Fading"" - Pierce the Veil, ""If I'm James Dean Then You're Audrey Hepburn"" - Sleeping With Sirens, ""Dos Locos"" - Monchy and Alexandra, ""Mi Corazoncito"" - Aventura, ""Your Heart Was No Place for a Monster Like Me"" - SayWeCanFly, ""There are No Flowers in Heaven"" - SayWeCanFly
Other: September, Be My Baby (Leslie Grace)",
120193,2020,1504,1-2 hours,"Phone, Laptop",Laptop,"Youtube, Spotify","Focus / Studying, To Relax / Wind Down, Fun / Entertainment","Studying- low fi hip hop
Anything else- Anything electro",2,3,1,5,4,4,4,3,3,4,Jake Kaufman,"""Pridemoor Theme"" - Shovel Knight",
120199,2020,1505,<1 hour,Laptop,Laptop,Youtube,"Focus / Studying, To Relax / Wind Down",Classical Music to focus and relax,3,2,1,3,3,3,2,2,5,2,Idk,"""Canon in D"" - Pachabel",
120206,2020,1507,1-2 hours,"Phone, Laptop",Laptop,"Youtube, SoundCloud","Focus / Studying, To Relax / Wind Down, Fun / Entertainment","For all purposes, I like video game music, and ragtime",3,3,4,2,2,2,2,2,4,NULL,Imagine Dragons,"""Radioactive"" - Imagine Dragons, ""Demons"" - Imagine Dragons, ""Warriors"" - Imagine Dragons",
120208,2020,1503,2-3 hours,"Phone, Laptop, Ipod",Ipod,"Youtube, Spotify, Pandora","To Relax / Wind Down, Fun / Entertainment",For entertainment I listen to a little bit of everything and for studying I listen to piano guys,3,2,3,2,5,5,3,5,5,5,Ben Rector,"""Piano Man"" - Billy joel",
120220,2020,1501,<1 hour,"Phone, Laptop",Phone,Pandora,"Focus / Studying, To Relax / Wind Down, while cleaning?",Studying - instrumental     Entertainment/winding down/singing - modern bollywood,3,1,1,1,1,2,4,1,3,1,Penn Masala,"""Avatar Soundtrack (2009)""",
120222,2020,1504,3-4 hours,"Phone, Laptop, Car Radio, Friends messing around with music",Laptop,Spotify,"Focus / Studying, Singing, To Relax / Wind Down, Fun / Entertainment","Taylor Swift, Calmer country, Oldish pop, rock like the killers, Country",4,4,5,2,3,1,1,2,2,NULL,Taylor Swift,Idk,
120235,2020,1502,<1 hour,Phone,Phone,"Youtube, Apple Music",Fun / Entertainment,I prefer Kpop but I listen to a variety of other songs too.,3,4,2,2,1,3,5,3,3,3,BTS,Idk,
120240,2020,1503,1-2 hours,"Phone, Laptop",Phone,"Youtube, Pandora",To Relax / Wind Down,"For realaxing, i like electronic or Nightcore.",4,3,2,5,3,3,3,3,4,NULL,Nightcore,"""Infinity"" - Nightcore, ""Witchcraft"" - Nightcore",
120241,2020,1501,1-2 hours,"Phone, Laptop, through my violin.",Phone,"Youtube, Spotify","Dancing, Singing, Fun / Entertainment",For whatever mood I'm in I play hip-hop/pop. For when I'm doing nothing I listen to classical.,5,2,2,4,1,3,2,2,5,5,Idk,Idk,
120244,2020,1506,1-2 hours,"Phone, Laptop",Phone,"Youtube, Spotify","To Relax / Wind Down, Fun / Entertainment",to relax I listen to Ed Sheeran,5,3,1,2,3,3,2,4,4,2,Idk,"""Kiss Me"" - Ed Sheeran ",
120247,2020,1505,2-3 hours,"Phone, Laptop, Speaker",Laptop,Pandora,"Singing, To Relax / Wind Down, Fun / Entertainment",I like listening to Rock for all three,4,2,3,2,5,2,1,1,3,NULL,My Chemical Romance,Idk,
120250,2020,1503,<1 hour,"Phone, Laptop",Laptop,"Youtube, Pulsar","To Relax / Wind Down, Fun / Entertainment","On the rare occasions that I listen to music while studying, I listen to Vivaldi (from the Romantic musical era) - the Four Seasons.  But most of the time, I prefer jazzy pop music.",4,3,1,1,3,4,4,3,4,NULL,Idk,Idk,
120252,2020,1507,<30 minutes,"Phone, Laptop",Laptop,"Youtube, Spotify","Focus / Studying, To Relax / Wind Down","Focus/studying = some classical music (any that I like, which spans all genres). Relax/wind down = pop/r&b music (don't do this during focus/studying bc I get distracted by the lyrics)",4,4,3,4,4,4,3,4,4,NULL,"Frédéric Chopin, Lorde, Alessia Cara",Idk,
120264,2020,1506,2-3 hours,"Phone, Laptop",Laptop,"Youtube, Spotify","Focus / Studying, To Relax / Wind Down, Fun / Entertainment","for studying and relaxing: classical, relaxing, sleeping music. for fun: pop, rap.",5,5,3,2,1,5,2,4,5,3,J. Cole,"""Neighbors"" - J. Cole, ""No Role Modelz"" - J. Cole, ""Nobody's Perfect"" - J. Cole, ""Déjà Vu"" - J. Cole",
120269,2020,1503,3-4 hours,"Phone, Laptop",Phone,"Youtube, Spotify, Apple Music","Focus / Studying, Singing, To Relax / Wind Down, Fun / Entertainment","Studying: Rap music; Relaxing: All music (Rap, alt, pop)",3,4,1,2,1,4,1,4,1,NULL,Khalid,"""Therapy"" - Khalid, ""Cold Blooded"" - Khalid",
120273,2020,1501,1-2 hours,"Phone, Laptop, Ipod, Car Radio",Laptop,Spotify,"Focus / Studying, Fun / Entertainment","For writing I like quite piano but for honesly anything else I listen to fallout boy, twenty one pilots,  my chemical romance, and stuff like that",4,1,3,4,4,2,4,4,4,NULL,Twenty One Pilots,"""I Write Sins Not Tragedies"" - Panic! At the Disco, ""Isle of Flightless Birds"" - Twenty One Pilots",
120274,2020,1506,1-2 hours,"Phone, Laptop, Car Radio",Phone,"Youtube, Apple Music, Pandora","Focus / Studying, Dancing, Singing, To Relax / Wind Down, Fun / Entertainment","K-pop for everything, but I only study with music on if I am not reading.",4,3,2,2,2,3,5,3,4,4,BTS,Idk,
120284,2020,1501,3-4 hours,"Phone, Laptop",Phone,Pandora,"Focus / Studying, Singing, To Relax / Wind Down",I like pop music,5,3,3,2,3,3,2,2,4,NULL,Jamsine Thompson,"""Mad World"" - Gary Jules, ""Perfect"" - Ed Sheeran",
120303,2020,1505,>4 hours,"Phone, Laptop",Phone,Spotify,"Focus / Studying, To Relax / Wind Down, Fun / Entertainment",Metal Hip hop and Edm depending on what I want to listen to ,2,5,1,5,5,5,3,5,3,NULL,"Architects, Childish Gambino","""Faygo Dreams"" - 6 Dogs, ""Doomsday"" - Architects",
120317,2020,1507,>4 hours,Laptop,Laptop,Youtube,"Focus / Studying, Singing, To Relax / Wind Down, Fun / Entertainment",Anything pre 2000,1,1,4,1,5,3,1,2,5,4,Men Without Hats,"""Safety Dance"" - Men Without Hats",
120320,2020,1502,1-2 hours,Laptop,Laptop,"Youtube, Spotify, Pandora","Focus / Studying, To Relax / Wind Down, Fun / Entertainment","I listen to a wide variety of things, and I listen to the same music no matter what I'm doing.",4,2,4,3,4,5,3,5,3,3,Nickleback,"""Counting Stars"" - OneRepublic, ""Symphony"" - Clean Bandit, ""If Today Was Your Last Day"" - Nickelback",
120324,2020,1501,"Less than a minute, or if i hear music playing in my hall.",Phone,Phone,Youtube,"To Relax / Wind Down, Fun / Entertainment, Cause it's catchy.","I don't know, whatever catchy song is stuck in my head that day. ",3,1,2,3,5,3,3,3,4,3,Queen,"""Don't Stop Me Now"" - Queen, ""Bohemian Rhapsody"" - Queen, ""Thunderstruck"" - AC/DC, ""We Didn't Start the Fire"" - Billy Joel, ""Feel it Still"" - Portugal. The Man, ""I'm On Top of the World"" - Imagine Dragons, ""Believer"" - Imagine Dragons, ""Welcome to the Jungle"" - Guns N' Roses",
120326,2020,1506,<30 minutes,Phone,Phone,"Youtube, Pandora","To Relax / Wind Down, Fun / Entertainment, being emo","to relax: 2Cellos, fun: idk, depends, being emo: 21 pilots/MCR/Panic! At The Disco",2,3,1,1,4,4,3,5,5,4,Idk,Idk,
,,,,,,,,,,,,,,,,,,,,,
,,,,,,,,,,,,,,,,,,,,,
