Timestamp,ID Number,Class,Hall,How much time do you spend listening to music in an average day?,How do you listen to music?,Which of the choices listed above is your preferred way of listening to music?,"If you listen to music on your phone or laptop, which apps/websites do you use?",Why do you primarily listen to music?,"For the above reasons that you selected, which genres/artists/albums/songs do you prefer?",Pop,Rap,Country,Electronic,Rock and Roll,R&B,Asian Pop,Indie / Alternative,Classical,Who is your favorite band / musician?,What is/are your favorite song(s)? ,Jazz,Musicals,Jazz
11/1/2017 13:48:01,119070,2019,1504,2-3 hours,"Phone, Laptop",Laptop,Youtube,"Focus / Studying, To Relax / Wind Down, Fun / Entertainment","For studying, I like Chopin/classical music, but for relaxing/winding down, I like BTS & Gfriend/K-Pop.",2,2,1,4,1,1,5,2,5,"Chopin, GFriend, BTS","Chopin-Etudes Op. 10&25, GFriend-Me Gustas Tu, BTS-Blood, Sweat, and Tears",,,
11/1/2017 13:48:13,119214,2019,1502,2-3 hours,"Phone, Laptop",Laptop,Spotify,"Focus / Studying, Singing, To Relax / Wind Down, Fun / Entertainment","For studying, I really like listening to the Ratatouille soundtrack or Desi music so that I don't focus on the lyrics. 
For singing, I listen to old Disney theme songs courtesy of DChen's fire playlist.
For relaxation, I listen to mostly Frank Ocean or Khalid or some other similar chill R&B artists
For fun, I like pop, hip-hop, rap, basically anything but country. ",4,5,1,2,2,5,3,4,3,FRANK OCEAN,"Ivy, Biking, Another Sad Love Song, Down (these change like weekly)",,,
11/1/2017 13:49:09,118216,2018,1503,2-3 hours,"Phone, Laptop",Phone,Spotify,"Focus / Studying, Dancing, Singing, To Relax / Wind Down, Fun / Entertainment","For Focus/Studying I listen to instrumentals of TV shows I like and  musicals
Dancing/Sing is musicals or mor pop songs
To relax it is a mix of the two
And fun is more random music from every genre",4,3,1,2,2,3,2,4,4,Broadway???/ idk,Waving Through A Window ,,,
11/1/2017 13:49:21,118165,2018,1507,2-3 hours,"Phone, Laptop, Car Radio",Phone,Spotify,"Focus / Studying, To Relax / Wind Down, Fun / Entertainment",Studying-Trap/K-Pop; Relaxing/Fun-Rap & Pop,5,4,1,4,3,4,5,4,2,Chance the Rapper,Same Drugs,,,
11/1/2017 13:50:03,118061,2018,1506,2-3 hours,"Phone, Laptop",Laptop,Spotify,"Dancing, To Relax / Wind Down, Fun / Entertainment","To dance, I like to listen to anything by Chris Brown, Drake or Ella Mai",5,5,2,1,4,4,1,1,1,Justin Bieber ,Do you mind- DJ Khaled,,,
11/1/2017 13:50:48,120273,2020,1501,1-2 hours,"Phone, Laptop, Ipod, Car Radio",Laptop,Spotify,"Focus / Studying, Fun / Entertainment","For writing I like quite piano but for honesly anything else I listen to fallout boy, twenty one pilots,  my chemical romance, and stuff like that",4,1,3,4,4,2,4,4,4,Twenty one pilots,I write sins not tragities/ isle of flightless birds,,,
11/1/2017 13:50:52,120031,2020,1507,2-3 hours,"Phone, Laptop",Laptop,Youtube,"Focus / Studying, Dancing, Singing, To Relax / Wind Down, Fun / Entertainment","Trap music and edm, also dubstep, Artists such as Martin Garrix, Marshmello, and Alan Walker are my favorites",3,3,1,5,4,3,4,3,4,Martin Garrix,"""Alone"" by Marshmello, ""In the Name of Love"" by Martin Garrix ft. Bebe Rexha, and ""7 months"" by KC audio on YouTube, a mashup between 7 years and out of my mind",,,
11/1/2017 13:50:59,118126,2018,1505,2-3 hours,Laptop,Laptop,Spotify,"Focus / Studying, Dancing, Fun / Entertainment","For studying sometimes I like antique wartime songs, but for winding down/dancing I like hip hop",3,5,1,4,2,2,2,2,2,XXXTentacion,"#Bitchimsippinteainyourhood, DNA, British Fife and Drum",,,
11/1/2017 13:52:12,119184,2019,1506,3-4 hours,"Phone, Laptop",Phone,Spotify,"Focus / Studying, Dancing, Singing, To Relax / Wind Down, Fun / Entertainment","studying: alternative hip hop dancing: anything relax: people like rex orange county, clairo, etc. ((i usually just pick one of my playlists and just roll with it))",3,5,1,4,5,5,4,5,4,can't choose all artists have their pros and cons,"as of now: Penelope - Col3trane, A Song About Being Sad - Rex Orange County, Humongous - Declan McKenna, Yellow Maze - Meltycanon, Heteroverheels - Dan&Drum, Little of Your Love - HAIM, Honey Whiskey - SATICA",,,
11/1/2017 13:52:39,118044,2018,1507,>4 hours,"Phone, Laptop, Car Radio",Phone,Spotify,"Focus / Studying, To Relax / Wind Down, Fun / Entertainment","Focus / Studying - Hip Hop, R&B, K-Pop, Classical
To Relax / Wind Down - R&B, Chill Hop, Vaporwave
Fun / Entertainment - Hip Hop, Trap, K-Pop, K-Rock",4,5,2,5,3,5,5,4,4,Danny Brown,"It varies too much! All time favorites are:
Self Control - Frank Ocean
Ain't It Funny - Danny Brown
King Kunta - Kendrick Lamar
Hell of a Life - Kanye West
FINGERTIP - GFriend
Can't Love You Anymore - IU",,,
11/1/2017 13:57:45,120113,2020,1506,2-3 hours,Laptop,Laptop,Spotify,"Focus / Studying, tune out others","it varies, if i need to get in the mood for studying I'll listen to something fun like Christmas music or musicals, but usually ill just listen to indie or pop",5,3,2,2,3,3,1,5,3,young the giant,hallelujah,,,
11/1/2017 14:00:06,118168,2018,1501,3-4 hours,"Phone, Laptop",Phone,Spotify,"Focus / Studying, Fun / Entertainment","For everything i like alternative (catfish and the bottlemen, bleachers, the hunna, jon bellion, the runaway club)",3,2,1,3,2,4,2,5,4,Bleachers,Foreign Girls,,,
11/1/2017 14:04:08,118132,2018,1501,1-2 hours,"Laptop, Ipod, Car Radio, CD Player",Laptop,Youtube,"Focus / Studying, To Relax / Wind Down",studying: Mexican Radio by Wall of Voodoo; relaxing: Whiskey in the Jar by Metallica,4,2,2,3,4,3,3,4,3,Depeche Mode,"the album AIMS by Vienna Teng, the album Notorious by Duran Duran",,,
11/1/2017 14:07:15,118233,2018,1503,1-2 hours,"Phone, Laptop",Phone,spotify and youtube and apple music,"Focus / Studying, Dancing, Singing, To Relax / Wind Down, Fun / Entertainment","for studying, i like mozart, chopin, beethoven, yiruma, classical, binural beats, nourish lo-fi; for dancing and entertainment, i like rap and techy music and bodak yellow, khalid all songs, lil pump, rockstar; for singing, i like pop songs; to relax, i like k pop and c pop",5,5,1,2,1,4,5,5,5,"Higher Brothers, Khalid, ","Dream a Little Dream of Me, Me Gustas Tu, Xiao Xing Yun, WeChat ",,,
11/1/2017 14:10:33,118008,2018,1506,3-4 hours,"Phone, Laptop",Phone,Spotify,"To Relax / Wind Down, Fun / Entertainment","to relax: the 1975/blackbear's deadrose and help albums/Lorde's Melodrama album
for fun: more techno/upbeat stuff like Amine, Post Malone, gnash and some no name artists that i find and make me happy :)",5,3,3,4,2,4,2,4,2,the 1975 or Blackbear,"Traum by CRO, Not Enough by Lido, Upside Down by Shaun Frank and Better Days by Hedley",,,
11/1/2017 14:12:00,119073,2019,1506,1-2 hours,"Phone, Laptop",Phone,Youtube,"Focus / Studying, Dancing, Singing","For studying I like loud, bass-heavy music that makes me work fast, for dancing I like pop, and for relaxing I like anything with guitar in it",3,1,5,5,2,3,1,3,1,None ,September song ,,,
11/1/2017 14:13:06,118107,2018,1505,2-3 hours,"Phone, Laptop",Laptop,Spotify,"Focus / Studying, To Relax / Wind Down, Fun / Entertainment","When I wanna grind I like really upbeat electronic music, when I wanna relax I like chill music.",2,3,1,5,2,3,3,4,3,ODESZA,"Tennis Court - Flume Remix
Best Friend - Foster the People
A Moment Apart - ODESZA
Working For It - ZHU
Generationwhy - ZHU",,,
11/1/2017 14:16:08,118298,2018,1501,1-2 hours,Laptop,Laptop,Spotify,"Focus / Studying, Fun / Entertainment","For focus/studying, I listen to instrumental music/songs like Intro by XX. For fun, a lot of 2000s throwback music or soundtracks from musicals.",4,2,2,3,4,5,4,5,3,The Weeknd,Sweater Weather!!!,,,
11/1/2017 14:17:23,119163,2019,1506,3-4 hours,"Phone, Laptop",Laptop,Spotify,"Focus / Studying, To Relax / Wind Down, Fun / Entertainment","To study I listen to soft indie pop, to relax I can honestly listen to anything, and usually for fun I listen to new music",5,3,2,2,3,4,4,4,3,"Cage the Elephants, Chance the Rapper, ","Telescope by Cage the Elephants, Time Travel by Never Shout Never ",,,
11/1/2017 14:18:20,120098,2020,1502,2-3 hours,"Phone, Laptop, Ipod, Tablet ",Other,Spotify,"Focus / Studying, Dancing, To Relax / Wind Down, Showering",I like trap music or edm,3,3,1,4,2,2,1,2,2,Major Lazer,Playground by Major Lazer,,,
11/1/2017 14:24:49,118094,2018,1501,<1 hour,"Phone, Laptop",Phone,Spotify,"Focus / Studying, To Relax / Wind Down",Eh idk,4,3,3,2,1,2,2,4,2,Coldplay,Idk,,,
11/1/2017 14:24:55,118294,2018,1506,>4 hours,"Phone, Laptop, Car Radio",Phone,"Youtube, Spotify","Focus / Studying, Dancing, Singing, To Relax / Wind Down, Fun / Entertainment","I just like anything that sounds nice. It could be piano covers, TV/Movie soundtracks, Pop music, Kpop, chill rap, etc.
I don't have a definite taste.",4,3,2,3,3,3,4,4,3,Clean Bandit?,"""I will always think of you"" from Bojack Horseman",,,
11/1/2017 14:29:09,119056,2019,1501,2-3 hours,"Phone, Laptop",Laptop,Youtube,"Focus / Studying, Singing, To Relax / Wind Down, Fun / Entertainment","i like listening to classical for assigned readings, for studying i like listening to classic rock and alternative music and for entertainment/relaxing/singing i like listening to showtunes",4,4,1,2,5,4,3,5,5,hayley kiyoko ,"palace- hayley kiyoko, television/so far so good- rex orange county, Japanese denim- Daniel Caesar  Rosa dear- Ruth, i am the walrus- the beatles, teenage dirtbag- wheatus, viva la gloria- green day  ",,,
11/1/2017 14:29:14,118296,2018,1501,1-2 hours,"Phone, Laptop",Phone,"Youtube, Spotify","Focus / Studying, Singing, To Relax / Wind Down","For singing, I like 90's/00's pop music. For music/studying, I like Regina Spektor or Electronic Music.",5,4,1,3,3,4,2,4,3,"Lady Gaga, Noname","Born This Way - Lady Gaga, Chandelier - Sia,",,,
11/1/2017 14:31:18,118205,2018,1506,2-3 hours,"Phone, Laptop",Phone,"Youtube, Spotify, plug.dj","Focus / Studying, To Relax / Wind Down, Fun / Entertainment","I like to study to EDM music, but specifically listen to Pierce Fulton's Better Places album to relax. I listen to classical music for entertainment and study it.",3,2,1,5,4,5,3,4,4,Daft Punk,"To Be Alive - Puppet, Just You - Puppet & Pierce Fulton, Everything Black - Unlike Pluto, Lone Digger - Caravan Palace, Toothbrush - DNCE, Doin' It Right - Daft Punk",,,
11/1/2017 14:31:56,118045,2018,1501,2-3 hours,"Phone, Laptop",Phone,"Youtube, Pandora, Amazon Music",Fun / Entertainment,Indie rock / Alternative rock,3,2,1,1,4,3,2,5,2,Saint Motel,For Elise,,,
11/1/2017 14:34:43,118124,2018,1502,3-4 hours,"Phone, Laptop, Car Radio",Phone,"Youtube, Spotify","Focus / Studying, Singing, Fun / Entertainment","For studying I like alternative r&b
For singing I like pop
For fun I like rap and pop",5,5,3,2,1,5,3,4,3,"Band - U2 or Coldplay, Musician - Ariana Grande & Justin Bieber","I'm the one
Love by kendrick
I don't mind by usher
Last christmas
Unkiss me by maroon 5",,,
11/1/2017 14:42:01,120109,2020,1501,3-4 hours,"Phone, Laptop",Phone,"Youtube, Spotify","Focus / Studying, Dancing, To Relax / Wind Down, Fun / Entertainment","For focusing, I like string quartets, especially arrangements of songs i already know/ for dancing, i like mostly pop music/ to relax and wind down I listen to a lot of RnB/ for fun and entertainment, I listen to rap and hip hop music",4,5,2,3,2,5,1,4,4,H.E.R.,"Best Part (H.E.R.), Gone Away (H.E.R.), make daddy proud (Blackbear), Needed Me (Rihanna)",,,
11/1/2017 14:42:55,119187,2019,1506,2-3 hours,"Phone, Laptop",Phone,Spotify,"Focus / Studying, To Relax / Wind Down, Block out the world ","Studying: Spotify brain food playlist, or Spanish music if Spanish hw
Relax & tune out: grime, rap (Post Malone, logic, J Huss) ",3,5,1,3,2,4,3,3,3,Post Malone,"Rockstar, CandyPaint, Go Flex",,,
11/1/2017 14:43:53,119033,2019,1507,>4 hours,"Phone, Laptop",Laptop,".mp3, .flac, etc.","Focus / Studying, To Relax / Wind Down, Fun / Entertainment, Pleasure","Focus/studying normally classical/jazz, otherwise a variety of genres... classical, jazz, experimental, all types of rock, noise, hip hop/rap, metal, electronic, etc.",2,4,3,4,4,4,2,4,4,That's a hard question.,"Currently: Underworld - Cowgirl, Alice Coltrane - Journey in satchidananda, The Beatles - A Day in the Life, Faust - Jennifer, Led Zeppelin - Houses of the Holy, Public Enemy - She Watch Channel Zero, My Bloody Valentine - Sometimes, The Velvet Underground and Nico - Heroin, Pink Floyd - Astronomy Domine, The United States of America - Cloud Song, Red House Painters - Katy Song, Can - Paperhouse, DJ Shadow - Building Steam with a Grain of Salt, Funkadelic - Maggot Brain, MF Doom - Accordion, Black Sabbath - Planet Caravan, Radiohead - Karma Police, Richard Strauss - Also Sprach Zarathustra",,,
11/1/2017 14:49:58,120303,2020,1505,>4 hours,"Phone, Laptop",Phone,Spotify,"Focus / Studying, To Relax / Wind Down, Fun / Entertainment",Metal Hip hop and Edm depending on what I want to listen to ,2,5,1,5,5,5,3,5,3,Architects and Childish Gambini,Faygo dreams and Doomsday ,,,
11/1/2017 14:51:27,119229,2019,1502,2-3 hours,"Phone, Laptop, Car Radio",Phone,"Youtube, Pandora, Downloaded music","Focus / Studying, Dancing, To Relax / Wind Down, Fun / Entertainment","For focus I like indie soul/Erykah Badu. For dancing I like hip hop or trap, to relax I like r&b or gospel and for fun I listen to pop or hip hop.",4,4,3,3,2,5,1,2,3,"Some of my favorites are Kirk Franklin, Sam Smith, Beyoncé, and India Arie",Video by India arie ,,,
11/1/2017 14:52:47,118007,2018,1507,>4 hours,"Phone, Laptop, Car Radio",Laptop,"Youtube, Spotify","Focus / Studying, To Relax / Wind Down, Fun / Entertainment","To focus, funk or house. To relax or for fun, hip hop and r&b",2,5,1,4,3,5,3,3,4,Kendrick Lamar,"How Much a Dollar Cost? (Kendrick Lamar), Self Control (Frank Ocean), Sing About Me (Kendrick Lamar)",,,
11/1/2017 14:56:19,118121,2018,1501,1-2 hours,"Phone, Laptop, Car Radio",Phone,"Youtube, Google Play Music, Pandora","Focus / Studying, To Relax / Wind Down, Fun / Entertainment",I like electronica for studying but more pop/indie rock for fun and to relax,3,2,1,5,4,3,1,5,2,Caravan Palace,Lone Digger,,,
11/1/2017 14:57:40,118211,2018,1506,>4 hours,"Phone, Laptop",Phone,"Youtube, Spotify, Pandora","Focus / Studying, To Relax / Wind Down, Fun / Entertainment","I like instrumental, indie, alternative music for focus/studying and relaxing. For fun/entertainment, I listen to a wide variety, including pop, rock, Spanish music, and K-Pop. ",4,3,1,3,2,4,5,5,3,N/A - can't choose ,N/A - can't choose,,,
11/1/2017 15:02:16,118031,2018,1501,<30 minutes,"Phone, Laptop",Laptop,Youtube,"Focus / Studying, To Relax / Wind Down, Fun / Entertainment","To relax/wind down: Lauv, Illenium, Troye Sivan, Porter Robinson. Fun: Hayley Kiyoko",4,3,1,4,3,3,3,4,3,Lauv,"""Shelter"" by Porter Robinson and Maddeon",,,
11/1/2017 15:02:24,119146,2019,1501,2-3 hours,"Phone, Laptop",Phone,Youtube,"Focus / Studying, Singing, To Relax / Wind Down, Fun / Entertainment",I usually like chill music for most things,4,4,2,3,3,3,4,4,4,Twenty One Pilots,Truce,,,
11/1/2017 15:03:03,119151,2019,1502,<1 hour,"Phone, Laptop",Laptop,"Youtube, Spotify, Pandora","Focus / Studying, Singing, To Relax / Wind Down, Showering",I really like acoustic covers or just mellow songs for autumn relaxing,5,4,3,2,3,4,4,4,4,Lords,This too shall pass,,,
11/1/2017 15:05:38,118122,2018,1501,<30 minutes,"Phone, Laptop",Laptop,"Youtube, Spotify","Focus / Studying, Fun / Entertainment","for studying, rain and white noise and film scores. for fun, tswizzle and indie and rap.",4,4,2,3,3,4,3,5,5,right now young rising sons and Quinn xcii ,only,,,
11/1/2017 15:09:58,119049,2019,1502,3-4 hours,"Phone, Laptop, Car Radio, CD Player",Laptop,"Youtube, Spotify","Focus / Studying, Dancing, To Relax / Wind Down, Fun / Entertainment, to make mixes/podcasts/videos","Studying-Pop
Dancing-Pop, electronic, hip hop
Relax-Pop, folk, classical, opera
Fun-Pop, rock, hip hop
Other-every kind of music except country",5,5,3,5,5,3,4,3,4,The Beatles,"Glorious-Macklemore
Hymn for the Weekend-Coldplay
Young Dumb and Broke-Khalid
Havana-Camila Cabello
",,,
11/1/2017 15:11:38,119158,2019,1503,2-3 hours,"Phone, Laptop",Phone,"Youtube, Spotify","Focus / Studying, Dancing, To Relax / Wind Down, Fun / Entertainment","studying: movie soundtracks, dancing: bollywood, winding down and fun: everything!",4,4,3,5,3,4,3,5,4,"khalid, oh wonder, chance the rapper, childish gambino","electric love, landslide, cocoa butter kisses, another sad love song, stone street",,,
11/1/2017 15:11:51,119044,2019,1503,2-3 hours,"Phone, Laptop",Phone,"Youtube, Spotify, Amazon Music","Focus / Studying, To Relax / Wind Down","Studying: Classical (Shostakovich specifically) 
Relaxing: Khalid, HAIM, Harry Styles, the 1975, Franks Ocean",4,2,1,1,4,4,1,5,5,Frank Ocean,Foresst Gump,,,
11/1/2017 15:13:37,119041,2019,1503,2-3 hours,"Phone, Laptop, Car Radio",Laptop,"Youtube, Tidal, Groove Music","Focus / Studying, Fun / Entertainment","For studying just anything chill like Frank Ocean, Saba, JCole basically hip hop and rnb. For fun which is basically with friends like bangers like lil Uzi vert, future, amine, stuff like that. :)",3,4,2,2,3,4,3,3,3,J. Cole,"Super Rich Kids, Pink + White, A Tale of 2 Citiez, Ville Mentality, Whip (areyoudown), See You Again, ahhhhh there's so many >.<",,,
11/1/2017 15:15:22,120082,2020,1502,3-4 hours,"Phone, Laptop",Laptop,"Youtube, Spotify, Google Play Music, Pandora","Focus / Studying, Singing, To Relax / Wind Down, Fun / Entertainment","Kpop all day everyday <3 for studying maybe slower kpop songs or k hiphop, all the rest of the genres of kpop (pop and dance) can be played any other time",5,5,2,2,1,5,5,3,4,"Exo, Bigbang, BTS, Seventeen, NCT, Vixx, Dean, Red Velvet, Ikon, Winner, Jay Park, and after that there are too many kpop groups to name!","This changes all the time, but currently Trauma by Seventeen and Metronome by Jay Park",,,
11/1/2017 15:22:05,118096,2018,1501,3-4 hours,"Phone, Laptop",Laptop,"Youtube, Spotify","Focus / Studying, To Relax / Wind Down, Fun / Entertainment","i like Kurt Hugo Schneider for everything, Pentatonix and The Piano Guys for studying, and Ed Sheeran and Taylor Swift radio for studying/whatever. and troye sivan",5,3,2,3,1,4,2,3,5,Ed Sheeran,Perfect ,,,
11/1/2017 15:26:40,119140,2019,1504,>4 hours,"Phone, Laptop",Laptop,Spotify,Focus / Studying,"I like EDM for dancing and, classical and low-fi electronic for work and relaxation, and alternative and punk rock sometimes",2,2,1,5,5,2,3,5,4,Slow Magic,Youth Group by Slow Magic,,,
11/1/2017 15:30:03,119096,2019,1504,<1 hour,"Phone, Laptop",Laptop,"Youtube, Spotify",Focus / Studying,Nujabes/instrumental music,2,4,2,1,4,2,3,4,2,Susumu Hirasawa,"Forces, Where is My Mind, Eleanor Rigby",,,
11/1/2017 15:30:37,119276,2019,1503,2-3 hours,"Phone, Laptop",Phone,Spotify,"Focus / Studying, To Relax / Wind Down, Fun / Entertainment","Lo-fi for studying or sad, anything alt Rock for day to day, mandopop for chill happy",5,3,3,3,5,3,5,5,3,July Talk or K. Flay ,Best friends by grandson,,,
11/1/2017 15:33:39,119035,2019,1505,<30 minutes,"Phone, Laptop",Laptop,"Youtube, Spotify","Focus / Studying, To Relax / Wind Down, Fun / Entertainment","I like hip hop for fun, classical or soft pop for studying",3,4,1,3,1,3,4,2,3,Bruno Mars or Ed Sheeran or Chance the Rapper,Angels by Chance the Rapper,,,
11/1/2017 15:35:12,120072,2020,1503,<1 hour,Phone,Phone,"Youtube, Spotify, Apple Music","To Relax / Wind Down, Fun / Entertainment","I listen to the same music for these situations which includes George Ezra, Paramore, and Hudson Taylor. I’m general I just enjoy chill music for any situation",3,2,1,3,3,3,4,4,4,George Ezra,"Barcelona (George Ezra), Hard Times (Paramore), and Da Vinci Riot Police (George Ezra)",,,
11/1/2017 15:47:50,118072,2018,1503,>4 hours,"Phone, Laptop",Phone,Spotify,"Focus / Studying, Dancing, Singing, To Relax / Wind Down, Fun / Entertainment, working out","For singing, I mostly listen to 2000s hits, rap, Disney songs, and 80s music. For focus I'll usually listen to ""chill-hop"". If I'm working out I'll listen to old school rap or edm. If I'm just hanging out I'll usually listen to alternative. I don't need a reason to listen to Chance the Rapper because his music fits every situation perfectly. ",2,5,5,4,4,5,3,5,3,"Chance the Rapper, Glass Animals, Milky Chance, Marc E Bassy, Post Malone, Bryce Vine",Biking - Frank Ocean ft Tyler the Creator and Jay Z,,,
11/1/2017 15:48:08,119230,2019,1506,>4 hours,"Phone, Laptop",Laptop,"Youtube, Spotify, Google Play Music, samsung music","Focus / Studying, To Relax / Wind Down, Fun / Entertainment","for studying, I like lorde, bastille, and the score. For relaxing I like chillstep. For entertainment I like K-pop and edm",3,4,2,5,3,1,5,4,3,ihateshinigami,legends never die,,,
11/1/2017 15:50:49,120006,2020,1504,>4 hours,"Phone, Laptop",Laptop,"Youtube, Spotify, Google Play Music","Focus / Studying, Dancing, Singing, To Relax / Wind Down, Fun / Entertainment",Pop and Hip-hop for all,5,5,3,4,2,3,1,1,1,Taylor Swift,Wildest Dreams,,,
11/1/2017 16:03:51,120250,2020,1503,<1 hour,"Phone, Laptop",Laptop,"Youtube, Pulsar","To Relax / Wind Down, Fun / Entertainment","On the rare occasions that I listen to music while studying, I listen to Vivaldi (from the Romantic musical era) - the Four Seasons.  But most of the time, I prefer jazzy pop music.",4,3,1,1,3,4,4,3,4,Not sure,Not sure,,,
11/1/2017 16:12:17,119202,2019,1503,1-2 hours,"Laptop, Car Radio",Laptop,"Youtube, Spotify","Focus / Studying, To Relax / Wind Down, Fun / Entertainment","For focusing I like to listen to Chinese music. To relax I listen to lo fi. For fun I listen to alternative, indie, or rap",3,4,2,3,3,4,3,5,4,My Chemical Romance,Janet by Berhana,,,
11/1/2017 16:34:07,120284,2020,1501,3-4 hours,"Phone, Laptop",Phone,Pandora,"Focus / Studying, Singing, To Relax / Wind Down",I like pop music,5,3,3,2,3,3,2,2,4,Jamsine Thompson,"Mad World, Perfect",,,
11/1/2017 16:35:20,119058,2019,1502,2-3 hours,"Phone, Laptop",Phone,Spotify,"Focus / Studying, Dancing, Singing, Fun / Entertainment",studying - classical music or video game atmospheres/white noise; dancing - spanish pop; singing - literally anything with words; for fun - spanish music or any hype pop music,5,5,2,4,5,4,3,4,5,Alvaro Soler,Volar - Alvaro Soler; backwoods in dubai - frumhere,,,
11/1/2017 16:38:52,118102,2018,1503,>4 hours,"Phone, Laptop, Car Radio",Phone,"Youtube, Spotify","Focus / Studying, Singing, To Relax / Wind Down, Fun / Entertainment","For studying, I like acoustic or coffeehouse music. For singing, throwbacks, Disney and pop punk powerhouse. For relaxing it’s either acoustic, indie or alternative. For fun, viva Latino, pop, and throwbacks",5,2,2,3,4,4,2,5,3,Enrique iglesias ,"Riptide - Vance Joy
El Perdón - Enrique Iglesias",,,
11/1/2017 16:39:40,118092,2018,1503,2-3 hours,"Phone, Laptop, Car Radio",Car Radio,"Youtube, Spotify","Focus / Studying, Dancing, Singing, To Relax / Wind Down, Fun / Entertainment","studying: christmas piano music, dancing: pop music, singing: demi lovato or adele",5,4,2,2,1,1,1,1,1,Rihanna,many,,,
11/1/2017 16:55:58,120057,2020,1501,<1 hour,"Phone, Laptop",Phone,Spotify,"Focus / Studying, To Relax / Wind Down",For both studying and relaxing I like to listen to classic rock,3,2,1,2,5,4,3,3,2,Queen,Hooked on a Feeling by Blue Swede,,,
11/1/2017 16:57:06,118193,2018,1501,<1 hour,"Phone, Laptop",Phone,"Youtube, Apple Music","Focus / Studying, To Relax / Wind Down, Cleaning room ","Focus/studying: pop instrumentals
Relaxing: Green Day 
Cleaning room: A playlist called “white people music” ",4,2,2,1,5,1,4,2,3,Green Day ,"For Green Day, Minority. Overall, Bleeding Out, Imagine Dragons",,,
11/1/2017 17:01:04,120247,2020,1505,2-3 hours,"Phone, Laptop, Speaker",Laptop,Pandora,"Singing, To Relax / Wind Down, Fun / Entertainment",I like listening to Rock for all three,4,2,3,2,5,2,1,1,3,My chemical romance,Is it possible to choose?,,,
11/1/2017 17:02:46,120012,2020,1503,>4 hours,"Phone, Laptop, Car Radio",Laptop,"Youtube, Spotify, Pandora","Focus / Studying, Dancing, Singing, To Relax / Wind Down, Fun / Entertainment","For studying, I will lean towards instrumental/classical, for winding down I'll listen to pretty much anything pop",5,2,1,5,1,2,1,2,5,HANS ZIMMER,It switches constantly but it's usually a French song or a Dance song,,,
11/1/2017 17:06:02,120026,2020,1507,>4 hours,"Phone, Laptop",Laptop,Spotify,"Focus / Studying, To Relax / Wind Down, Fun / Entertainment",All the same,4,5,1,4,2,4,1,4,3,Kanye West,Saint Pablo,,,
11/1/2017 17:09:58,120180,2020,1502,1-2 hours,"Phone, Laptop",Phone,Spotify,"To Relax / Wind Down, Fun / Entertainment","for fun: hip hop, rap. to relax: r&b",2,5,1,1,1,5,1,4,1,"J. cole, kanye, tupac","f.u.b.u by solange, all falls down by kanye, cupid by 112",,,
11/1/2017 17:10:34,120083,2020,1501,2-3 hours,"Phone, Laptop, Video game music",Laptop,Youtube,"Focus / Studying, To Relax / Wind Down, Fun / Entertainment","For all, I prefer instrumental music, particularly Pokémon.",2,1,3,2,3,3,3,3,4,I don't have a favorite.,"Again, no favorite.",,,
11/1/2017 17:14:18,118015,2018,1503,3-4 hours,"Phone, Laptop",Laptop,"Youtube, Spotify","Focus / Studying, Dancing, Singing, To Relax / Wind Down, Fun / Entertainment","Studying: Lofi
Dancing: musicals/cartoon songs
Singing: ^ + anything else
Relaxing: Trap, Lofi
Fun: science song parodies",4,4,1,4,4,3,4,4,4,Artic Monkeys,"1-800 by Logic
rock + roll by Eden
Fake it by Bastille
Wires by The Neighborhood
Whole New Worlds: An Aladdin History of Exoplanets by A Capella Science",,,
11/1/2017 17:16:57,120139,2020,1503,2-3 hours,"Phone, Laptop, Car Radio",Phone,"Youtube, Spotify, Google Play Music","Focus / Studying, Dancing, Singing, To Relax / Wind Down, Fun / Entertainment","For studying classical music and ballads, For dancing spanish music, kpop, pop, R&B, HipHop, and Rap, For Singing and winding down it would me ballads, kpop, old spanish songs, and rap, For Fun everything especially KPOP and Spanish Music<3",4,5,2,3,3,5,5,5,5,"Bts , Dean, and Juanes","That is too hard, don't make me choose.",,,
11/1/2017 17:18:28,120116,2020,1504,You forgot,To put,Other,To,To ,Other options for music genres including jazz.,3,3,3,3,3,3,3,3,3,Where,Is jazz and various other things.,,,
11/1/2017 17:19:27,118001,2018,1502,>4 hours,"Phone, Laptop",Phone,"Youtube, Apple Music","Focus / Studying, To Relax / Wind Down, Fun / Entertainment","HipHop and Rap for getting ready and getting hyped up or to improve my mood, swing jazz for studying ",3,5,1,2,1,5,1,1,4,The Weeknd,Starboy by The Weeknd or Boss by Lil Pump,,,
11/1/2017 17:37:26,118051,2018,1506,2-3 hours,"Phone, Laptop, Car Radio",Phone,Youtube,"Focus / Studying, To Relax / Wind Down, Fun / Entertainment","For studying, I listen to violin/piano music, but for relaxing/fun I love Pop or Oldies (Classic Rock like the Rolling Stones and the Beatles).",5,2,1,1,4,3,2,2,4,Ed Sheeran or the Beatles,Blackbird by the Beatles,,,
11/1/2017 17:39:45,120105,2020,1504,1-2 hours,Laptop,Phone,"Youtube, Spotify","Focus / Studying, Exercising","For studying, I like math rock (artists: Delta Sleep, TTNG) and rap (Madvillainy, BROCKHAMPTON). For exercising I like alt-rock (Radiohead, Smashing Pumpkins), Metallica, and rap as well.",2,4,2,3,5,2,2,5,2,Radiohead,"Radiohead -- Paranoid Android, Delta Sleep -- Lake Sprinkle Sprankle, Madvillain -- Raid",,,
11/1/2017 17:40:13,119104,2019,1505,1-2 hours,"Phone, Laptop",Laptop,"Youtube, Spotify","Focus / Studying, Singing, To Relax / Wind Down, Fun / Entertainment, Studying music","Just gonna dump some random artists/groups:
Au5
Fractal
Razihel
Snail's House
Infected Mushroom
(way too many edm artists to count)
Gorillaz
July Talk
Sorority Noise
The Neighbourhood
Arctic Monkeys
Lana del Rey
The Kooks
The Strokes
PRhyme
Blackbear
Ivory Hours
The Magic Gang
Japanese Breakfast
Sithu Aye
Plini
Polyphia
Veil of Maya
Igorrr
Periphery
Intervals
Mowgli's
Crispr
Beach Weather
The Maine
Meshuggah
Grimes
Bear Hands
DJ Premier
Guru
Gangstarr
Milburn
Cage the Elephant
Moose Blood
CHON
The Wrecks
The Struts
highly Suspect
Ghost
The Wombats
Chase Atlantic
Foster the People
Grizfolk
The Japanese House
Modern Day Babylon, Gru, Widek, Cloudkicker
Blues Travelers
Flying Lotus
Jacob Collier
Snarky Puppy
Megadeth
Tyler the Creator
Shnabubula
etc.

Genres:
Metal (death, progressive, math, everything in between), classical (piano mostly, Beethoven, Chopin, Liszt, Tchaikovsky, etc), electronic (dance, experimental, IDM, etc.), acoustic/rock/alternative/pop, video game and anime soundtracks (mostly Nintendo for vg osts), I listen to anything really lmao",4,4,2,5,3,3,4,5,5,July Talk,"Don't have one, too hard to choose",,,
11/1/2017 17:41:44,120069,2020,1505,3-4 hours,"Phone, Laptop, Car Radio",Phone,Youtube,"Focus / Studying, Singing, To Relax / Wind Down, Fun / Entertainment, Pretty much for anything there is a song I will be listening to",I love Rock and Punk Rock with some pop thrown in every once in a while,5,1,2,4,5,1,1,5,1,Imagine Dragons,"Radioactive, Holiday, Last of the Real Ones, Revolution, and The Wolf",,,
11/1/2017 17:44:49,120108,2020,1502,2-3 hours,"Phone, Laptop, Ipod",Laptop,"Youtube, 8tracks","Focus / Studying, Singing, Fun / Entertainment","For studying, I like classical music, but I also use it for dancing. Also for studying I like to just put one song I like on repeat, but any music without many words or is entirely words helps me focus. I like to listening to musical and movie soundtracks for singing, as well as folkish music. I'll listen to anything for fun or entertainment.",4,4,3,3,4,4,3,4,5,Marina and the Diamonds,"What You Know Two Door Cinema Club
Tredowata walc Wojciech Kilar",,,
11/1/2017 17:59:21,120171,2020,1506,>4 hours,"Phone, Laptop",Phone,"Youtube, Spotify, Pandora","Focus / Studying, To Relax / Wind Down, Fun / Entertainment","I like edm for leisure, but lyrical or rock,pop,kpop for homework, but slow songs for reading",4,4,2,5,5,3,5,4,2,"Fall Out Boy, Hollywood Undead, BTS","Phoenix, Riot, Fire (artist corresponds to order form previous question)",,,
11/1/2017 18:00:02,120145,2020,1501,1-2 hours,"Phone, Laptop",Laptop,"Youtube, Spotify","Focus / Studying, To Relax / Wind Down, Fun / Entertainment","For studying I like to listen to music streams of lo-fi music on YouTube, because they usually are instrumental and help me concentrate. For leisure, I like to listen to indie rock (Dntal, Car Seat Headrest, Crywank), rap music (Tyler, The Creator, Tupac, Biggie, etc.) and some old rock like Nirvana, Pink Floyd, Queen, the Moody Blues, and more.",3,5,2,4,5,4,3,5,5,My favourite bands are Nirvana and My Chemical Romance.,"My favourite songs are “The Ghost of You” by My Chemical Romance, “Pope Alexander” by Crywank, “Fill in the Blank” by Car Seat Headrest, and “Polly” by Nirvana. ",,,
11/1/2017 18:01:46,118100,2018,1506,<1 hour,Laptop,Laptop,"Spotify, Pandora","Dancing, To Relax / Wind Down","I listen to rap lol like Post Malone, Kendrick Lamar, Amine but also Khalid, Artic Monkeys, some K-Pop",4,4,3,2,2,3,4,4,1,"Right now, it's Post Malone ","Right now, it's Unforgettable by French Montana ",,,
11/1/2017 18:02:53,120240,2020,1503,1-2 hours,"Phone, Laptop",Phone,"Youtube, Pandora",To Relax / Wind Down,"For realaxing, i like electronic or Nightcore.",4,3,2,5,3,3,3,3,4,Nightcore,Infinty and Witchcraft,,,
11/1/2017 18:03:10,120252,2020,1507,<30 minutes,"Phone, Laptop",Laptop,"Youtube, Spotify","Focus / Studying, To Relax / Wind Down","Focus/studying = some classical music (any that I like, which spans all genres). Relax/wind down = pop/r&b music (don't do this during focus/studying bc I get distracted by the lyrics)",4,4,3,4,4,4,3,4,4,"Classical wise, Chopin. Pop wise, Lorde or Alessia Cara.",Too many to choose from.,,,
11/1/2017 18:03:49,120131,2020,1501,>4 hours,"Phone, Laptop, CD Player",Phone,"Youtube, Pandora","Dancing, To Relax / Wind Down, Fun / Entertainment",Anything but country,3,4,1,3,5,3,2,2,5,NF,"Mansion, Real, Notepad, Can you hold me",,,
11/1/2017 18:03:57,118182,2018,1504,<30 minutes,"Phone, Laptop",Laptop,"Youtube, Spotify, Google Play Music","Focus / Studying, To Relax / Wind Down",I really couldn't tell you,3,4,1,4,3,4,2,3,4,Green Day,Minority,,,
11/1/2017 18:08:26,119228,2019,1502,<30 minutes,"Phone, Laptop",Laptop,"Youtube, Spotify, Apple Music, Soundcloud","Focus / Studying, To Relax / Wind Down, Fun / Entertainment","Fun/Entertainment - pop/k-pop songs, same for other purposes as well",5,4,3,2,2,3,5,3,2,EXO,"Peter Pan by Exo, Twenty-three by IU, Hate by 4minute, ",,,
11/1/2017 18:12:06,120206,2020,1507,1-2 hours,"Phone, Laptop",Laptop,"Youtube, SoundCloud","Focus / Studying, To Relax / Wind Down, Fun / Entertainment","For all purposes, I like video game music, and ragtime",3,3,4,2,2,2,2,2,4,Imagine Dragons,"Radioactive, Demons, Warriors",,,
11/1/2017 18:15:56,119164,2019,1504,3-4 hours,"Phone, Laptop",Phone,Spotify,"Focus / Studying, To Relax / Wind Down, Fun / Entertainment","For all purposes, I like classical music. Mozart, Rachmaninoff, Weber, Beethoven, etc. Here and there I like rap music for entertainment and sometimes studying.",1,4,1,1,2,1,3,1,5,Carl Maria von Weber,"Concertino in Eb: Weber, Capriccio Espagnol: Rimsky-Korsakov",,,
11/1/2017 18:16:52,120269,2020,1503,3-4 hours,"Phone, Laptop",Phone,"Youtube, Spotify, Apple Music","Focus / Studying, Singing, To Relax / Wind Down, Fun / Entertainment","Studying: Rap music; Relaxing: All music (Rap, alt, pop)",3,4,1,2,1,4,1,4,1,Currently Khalid ,Therapy by Khalid or Cold blooded by Khalid,,,
11/1/2017 18:17:39,118253,2018,1505,3-4 hours,"Phone, Laptop, Car Radio",Laptop,"Youtube, Spotify, Soundcloud","Focus / Studying, To Relax / Wind Down, Fun / Entertainment","For focus/studying, I like instrumental lo-fi hip-hop music. For relaxing/winding down, I usually listen to Indie Folk Acoustic. Finally, for fun/entertainment/general listening, I listen to Hip-Hop/Rap and R&B.",2,5,2,3,3,5,3,5,4,Kanye West,"Bon Iver - ""Woods"", Childish Gambino - ""Zealots of Stockholm"", Kanye West & Jay-Z - ""Otis"", Chance the Rapper - ""Pusha Man/Paranoia"". Moses Sumney - ""Doomed"", Punch Brothers - ""Clementine"", Sufjan Stevens - ""Chicago""",,,
11/1/2017 18:30:08,119289,2019,1504,2-3 hours,"Phone, Laptop",Phone,"Youtube, Apple Music","Focus / Studying, Dancing, Singing, To Relax / Wind Down, Fun / Entertainment, cryig",for focus i like bjork but for fun/dancing i like lady gaga i also like st. vincent for crying and dancing and all,4,3,2,2,2,2,2,4,3,Björk,rn its psychopath by st. vincent,,,
11/1/2017 18:32:42,119069,2019,1503,<30 minutes,"Phone, Laptop",Phone,"Youtube, Spotify, Apple Music","Focus / Studying, To Relax / Wind Down","Classical for studying, but soft pop/indie otherwise",5,2,1,3,3,3,1,5,4,Ed Sheeran,Don’t have one ,,,
11/1/2017 18:42:28,120222,2020,1504,3-4 hours,"Phone, Laptop, Car Radio, Friends messing around with music",Laptop,Spotify,"Focus / Studying, Singing, To Relax / Wind Down, Fun / Entertainment","Taylor Swift, Calmer country, Oldish pop, rock like the killers, Country",4,4,5,2,3,1,1,2,2,Taylor Swift,"Enchanted, I Try but by a cover artist ",,,
11/1/2017 18:51:05,120094,2020,1505,<1 hour,Phone,Phone,"Youtube, Spotify","To Relax / Wind Down, Fun / Entertainment","I listen to Klezmer music (the musical tradition of the Jews of Europe) often. I find it entertaining and interesting. I will listen to some other instrumental music, like Jazz/Classical, for similar reasons, but I do so much less often. I often listen to Parno Graszt and Fanfare Ciocarlia, Hungarian and Romanian folk bands, respectively. 

I listen to some Ska music, especially revival bands such as The Specials, Madness, and The Selecter, because they're upbeat and fun. 

I listen to Calle Trece (puerto rican rap band) and some american rap music because the lyrics are fantastic. 

I listen to some vaporwave/Simpsonwave on occasion as part of an exercise in Accelerationist ideology.",2,4,1,3,3,3,2,2,4,Fanfare Ciocarlia,"Besh O Drom (Fanfare Ciocarlia), Hora Lui Damian (The Klezmorim), Adentro (Calle Trece), Through The Roof 'n' Underground (Gogol Bordello), A Message to you Rudy (The specials). ",,,
11/1/2017 18:53:27,119017,2019,1502,>4 hours,"Phone, Laptop, Ipod, Car Radio, CD Player",Phone,"Youtube, Spotify, Apple Music, Pandora","Focus / Studying, Dancing, Singing, To Relax / Wind Down, Fun / Entertainment",I can listen to anything while doing anything/ depends on the day,5,2,1,4,4,3,3,5,5,JOSH GROBAN,I don't really have one,,,
11/1/2017 19:11:57,118154,2018,1507,>4 hours,"Phone, Laptop",Phone,"Youtube, Spotify","Focus / Studying, Singing, To Relax / Wind Down, Fun / Entertainment",Nujabes/lo-fi hip hop/instrumental Studio Ghibli soundtracks for listening. Most other things for winding down/relaxing. ,2,5,1,3,3,5,5,5,4,Nujabes,Nujabes - aruarian dance,,,
11/1/2017 19:15:53,118276,2018,1501,2-3 hours,"Phone, Laptop",Laptop,"Youtube, Spotify","Focus / Studying, To Relax / Wind Down, Fun / Entertainment","Studying: Instrumental/Soundtrack
Fun: K-Pop, Spanish and American music (upbeat stuff)
Relaxing: Instrumental, calmer/more mellow tunes (language doesn't really matter)",4,1,2,3,3,2,5,3,4,"Imagine Dragons, Stromae","Bet my Life, Batard, New Rules",,,
11/1/2017 19:15:54,118023,2018,1501,>4 hours,"Phone, Laptop, Car Radio",Phone,"Youtube, Spotify, Apple Music, Pandora","Focus / Studying, To Relax / Wind Down",For all the options I choose I like listening to songs with slower/calmer melodies ,3,4,1,2,3,3,2,5,3,N/A,Ultralight Beam,,,
11/1/2017 19:33:02,118136,2018,1501,>4 hours,"Phone, Laptop, Car Radio",Laptop,"Youtube, Spotify","Focus / Studying, Dancing, Fun / Entertainment",I listen to alt-rock for studying or k-pop for all purposes.,4,4,1,4,4,4,4,4,4,Millic,Treasure Island,,,
11/1/2017 19:39:33,119301,2019,1507,1-2 hours,"Phone, Laptop",Laptop,"Youtube, Spotify","Focus / Studying, Singing, To Relax / Wind Down","For singing, Disney or soft pop/indie. To relax, chillstep or lo-fi, and for studying modern piano or lo-fi",4,4,2,4,4,3,3,5,2,Idk,Idk,,,
11/1/2017 19:40:18,118035,2018,1506,<1 hour,"Phone, Laptop",Phone,"Youtube, listenonrepeat","Focus / Studying, To Relax / Wind Down, Fun / Entertainment","for studying: familiar music, all my faves, calmer stuff like Shin Seung Hoon or maybe some chill Boohwal or Lee Moon Sae or B1A4; I listen to Handel's ""Water Music"" specifically for hardcore/finals studying; entertainment: live performances by Park Wan-Kyu or Shin Seung Hoon, maybe an MV or two;  any other listening will be my playlist of B1A4 and old Korean music",3,1,2,2,4,4,4,5,4,"B1A4 (current), Shin Seung Hoon (solo artist), Boohwal (band)","??? (Magician) by Boohwal, To My Star by B1A4,  ???? ?? ?? by Shin Seung Hoon",,,
11/1/2017 19:47:50,119137,2019,1506,>4 hours,"Phone, Laptop",Phone,"Youtube, Spotify","Focus / Studying, To Relax / Wind Down, Fun / Entertainment","For studying rap and r&b like j.cole, Kendrick Lamar, xxxtentacion, russ, rihanna, drake, and Frank ocean etc/ for relaxing I listen Alicia keys, Elliot moss, suran, IU, and epik high/ for fun I listen to postmalone, bts, exo, amine, camila Cabell, and lil pump",4,5,1,2,1,5,5,5,2,"Exo, Kendrick lamar, and michelle jackson","Slip by Elliot moss, fallin by Alicia keys, lotto, monster, and kokobop by exo, wine by suran, stay with my by chanyeol, and bleed by epik high",,,
11/1/2017 19:53:25,118225,2018,1504,3-4 hours,"Phone, Laptop",Phone,Spotify,"Focus / Studying, To Relax / Wind Down, Fun / Entertainment","For studying: classical or ambient, for relax and entertainment: indie rock, hip-hop, and Korean indie ballads",2,5,1,3,3,4,4,5,5,Mac DeMarco,"Can't love you anymore - IU
Through the Night - IU
Plastic - Moses Sumney
Vincent - Car Seat Headrest
Self Control - Frank Ocean
Chamber of Reflections - Mac DeMarco
Death with Dignity - Sufjan Stevens
Oh Comely - Neutral Milk Hotel
Lacrimosa Dies Irae - W A. Mozart
Symphony 7, 2nd mvmt - Beethoven",,,
11/1/2017 20:04:31,118034,2018,1503,2-3 hours,"Phone, Laptop, Car Radio",Phone,Spotify,"Focus / Studying, Dancing, Singing, To Relax / Wind Down, Fun / Entertainment","playlists on spotify- studying- deep focus(reading)/wild&free or young&free (anything else) dANCING- throwback songs/chill rap/pop singing- throwback to relax wind down-no EDM or like anything w bass drops, fun- pop/rap but not heavy rap",5,4,3,2,2,1,2,5,2,"lil uzi, EDEN, post malone, r3hab, blackbear","xo tour llif3, sinners, unforgettable, the morning, ",,,
11/1/2017 20:20:42,119189,2019,1506,2-3 hours,Laptop,Laptop,"Youtube, Spotify, Pandora","Focus / Studying, To Relax / Wind Down, Fun / Entertainment","For studying, I like instrumentals, but not classical. For fun, I like The Lumineers, Alt-J, Lorde, and Bon Iver.",4,2,1,1,3,2,1,5,4,Lorde or Bon Iver,"Don't Delete the Kisses by Wolf Alice, Blood Bank by Bon Iver, Sleep on the Floor, The Lumineers",,,
11/1/2017 20:24:22,120126,2020,1507,1-2 hours,"Phone, Laptop",Phone,Spotify,"Focus / Studying, Fun / Entertainment",Rap and pop,4,4,1,4,3,3,3,3,4,Imagine Dragons,No favorite ,,,
11/1/2017 20:29:00,118077,2018,1501,2-3 hours,"Phone, Laptop",Laptop,Spotify,"Focus / Studying, To Relax / Wind Down, Fun / Entertainment","No distinction, I just hit shuffle",4,1,1,5,3,1,2,4,1,Imagine Dragons,Believer,1,,
11/1/2017 20:43:08,120136,2020,1506,3-4 hours,"Phone, Laptop",Phone,"Youtube, Spotify","Focus / Studying, Singing, To Relax / Wind Down, Fun / Entertainment",Songs from various musicals. ,3,2,1,1,3,2,1,2,3,The Original Broadway Cast of Rent ,Rent,3,,
11/1/2017 20:53:58,120050,2020,1506,1-2 hours,"Phone, Laptop",Phone,"Youtube, Spotify",Focus / Studying,for studying relaxing and rap depends on the subject,5,5,1,2,2,5,2,4,1,the 1975,all of digital druglord ,1,,
11/1/2017 21:02:31,120089,2020,1501,>4 hours,"Phone, Laptop, Car Radio",Phone,Youtube,"Focus / Studying, Fun / Entertainment","I listen to K-Pop (BTS, SHINee, Big Bang) and anime openings (ONE PUUUUUUNCH) for fun, and for studying I listen to Chopin and select pieces from video games (literally every piece from Shadow of the Colossus) and anime. Chopin is my life fite me Mozart",2,3,1,4,2,4,5,5,5,Pink Guy ,"Videogame OST's - Ancestral Steppe theme from MH4U, A Despair-Filled Farewell from SOTC, Death by Glamour by Toby Fox, Reset from Okami

Anime Op's - Flyers from Death Parade, This Game from No Game No Life, Rain from FMA:B, Let Me Hear from Parasyte 

K-Pop - War of Hormone by BTS and Lucifer by SHINee 

Classical - Nocturne Op. 9 No. 2 by Chopin 

Other - Trap Dumplings by Filthy Frank and The Wolf by SIAMES 

I listen to a lot of weird things ok bYE ",4,,
11/1/2017 21:34:28,120274,2020,1506,1-2 hours,"Phone, Laptop, Car Radio",Phone,"Youtube, Apple Music, Pandora","Focus / Studying, Dancing, Singing, To Relax / Wind Down, Fun / Entertainment","K-pop for everything, but I only study with music on if I am not reading.",4,3,2,2,2,3,5,3,4,BTS,I can't choose! I guess... ,4,,
11/1/2017 21:56:12,120317,2020,1507,>4 hours,Laptop,Laptop,Youtube,"Focus / Studying, Singing, To Relax / Wind Down, Fun / Entertainment",Anything pre 2000,1,1,4,1,5,3,1,2,5,Men without hats,Safety Dance,4,,
11/1/2017 21:57:01,118145,2018,1503,>4 hours,"Phone, Laptop",Phone,"Youtube, Spotify","Singing, To Relax / Wind Down, Fun / Entertainment",I listen to the same music for all occasions,4,3,2,4,3,3,3,5,3,Sufjan Stevens,idek,4,,
11/1/2017 22:34:29,119142,2019,1501,3-4 hours,"Phone, Laptop",Laptop,"Youtube, Spotify","Focus / Studying, To Relax / Wind Down, Fun / Entertainment","For studying I prefer classic and really chill songs (the weeknd or khalid or the neighbourhood) 
For relaxing it's really anything although I prefer saint motel, Janelle Monae, and Beyonce
For fun usually Cardi B, Beyonce, demi lovato, cruel youth",3,3,1,2,3,4,2,5,5,Khalid or Beyonce,Right now it's Japanese Denim,4,,
11/1/2017 22:37:37,119051,2019,1506,<30 minutes,"Phone, Laptop, Car Radio",Phone,"Youtube, Spotify","Fun / Entertainment, Expose myself to Indian culture","Fun/Entertainment - Ed Sheeran, Sia, 21 Pilots, etc.; Other - Indian Classical (primarily sitar)",5,2,1,3,1,2,3,2,5,Anoushka Shankar,"Flight, Father, Reunion",3,,
11/1/2017 22:45:37,120099,2020,1504,1-2 hours,"Phone, Laptop",Phone,Spotify,"Focus / Studying, To Relax / Wind Down, Fun / Entertainment",hip-hop for everything,3,5,3,2,2,3,3,3,3,Kendrick Lamar,King Kunta,3,,
11/1/2017 22:45:57,119118,2019,1501,2-3 hours,"Phone, Laptop, Does jamming out on the Piano by myself count?",Other,"Youtube, Spotify, Google Play Music, Pirate Bay?","Focus / Studying, To Relax / Wind Down, Fun / Entertainment, Sometimes I put earbuds in just to dissuade conversation because I'm socially awkward :(","I like listening to classical music, or just anything that isn't tainted with the human voice. ",2,1,1,2,2,1,2,2,5,Bae-thoven,"4'33"" by John Cage",4,,
11/1/2017 22:47:04,119141,2019,1503,3-4 hours,"Phone, Laptop",Laptop,"Youtube, soundcloud","Focus / Studying, Singing, To Relax / Wind Down, Fun / Entertainment",i like listening to angsty teenage music aimed towards girls whenever ,4,4,1,5,1,1,2,3,2,Excision ,https://www.youtube.com/watch?v=gcMwQ_aDi_g,1,,
11/1/2017 22:52:06,120074,2020,1502,>4 hours,"Phone, Laptop",Phone,"Youtube, Spotify","Focus / Studying, Singing, To Relax / Wind Down, Fun / Entertainment",I listen to a large variety of music. I do not have a specific genre for different activities. I just listen to what I am in the mood for.,4,4,1,3,3,5,5,3,5,I don't have a favorite but I listen to bts a lot lately,"Nevermind, Jump, Tomorrow, and Cypher pt 3 by BTS, Cello Suite by Bach, Dear No One by Tori Kelly, Warrior by Demi Lovato, Spring Allegro by Vivaldi, etc.",4,,
11/1/2017 22:52:57,120208,2020,1503,2-3 hours,"Phone, Laptop, Ipod",Ipod,"Youtube, Spotify, Pandora","To Relax / Wind Down, Fun / Entertainment",For entertainment I listen to a little bit of everything and for studying I listen to piano guys,3,2,3,2,5,5,3,5,5,Ben Rector,Piano man by Billy joel,5,,
11/1/2017 22:55:00,120084,2020,1502,>4 hours,"Phone, Laptop",Phone,"Youtube, Spotify, soundcloud","Focus / Studying, Dancing, To Relax / Wind Down","For studying, Lofi hip hop and/or classical. Primarily music without words.
For dancing, any and every genre and era.
To Relax/ Wind Down, soul disco from the 70s (artists such as Bobby Caldwell etc.) Kaytranda, Mellow R&B from the 90s till now",2,4,3,4,4,4,3,4,4,The Internet,Great Dane - Cosmo Pyke,5,,
11/1/2017 23:08:50,119126,2019,1505,3-4 hours,"Phone, Laptop",Laptop,"Youtube, Spotify","Focus / Studying, Singing, To Relax / Wind Down, Fun / Entertainment",EDM/ Rap/ Classical/ Pop/ Trap/ ,5,5,1,5,4,3,3,3,4,NF,"Color (Marshmello), Intro 2 (NF), Arcade (Dimitri Vegas)",3,,
11/1/2017 23:13:43,119290,2019,1506,2-3 hours,"Phone, Laptop",Phone,Spotify,"Focus / Studying, Dancing, Singing, To Relax / Wind Down, Fun / Entertainment","For focusing I like classical music, for dancing I like pop music, for singing I like rex orange county, to relax and entertainment I like indie folk",3,4,1,1,2,4,3,5,3,mac demarco,"a song about being sad, television/so far so good (rex orange county), crew (goldlink), see you again (tyler the creator)",3,,
11/1/2017 23:17:56,119174,2019,1503,3-4 hours,"Phone, Laptop",Laptop,"Youtube, Spotify","Focus / Studying, Singing, To Relax / Wind Down, Fun / Entertainment","For studying I like instrumental songs of OST's or K-pop, for jamming out I like Alternative/Bands/Pop",4,1,1,3,3,3,5,5,2,BTS/Troye Sivan/can't choose,Cannot chooseeeeeeeeeeeeeeee,2,,
11/1/2017 23:32:09,119115,2019,1502,2-3 hours,"Phone, Laptop",Phone,"Youtube, Youtube on computer, for phone, I save mp3's and put it into ""Documents""","Focus / Studying, To Relax / Wind Down","Uhhh, I just have a generic playlist I go through for everything. Sometimes I put up a separate piano instrumental playlist if i REALLY need to focus, but for the most part, my usual playlist consists of Kpop (mainly ballads though, or R&B), piano intrumentals, more ballads (Chinese/Japanese?). I'm usually not a huge fan of hype songs, or fast-paced/rap songs, but you might catch one or two of them in there.",3,2,1,3,1,4,5,4,3,"Musicians/Soloists: DooPiano, MILI, Day6, Taeyeon, Taeyang","EVERYTHING ON SM STATION!!!, all of Bolbbalgan4 songs, Butterfly (only/fave BTS song), entire XOXO/Miracles in December album (EXO), Limitless(NCT), Don't Wanna Cry (Seventeen), Voice (Standing Egg), Really Really (WINNER), Fire (Taeyeon), ",3,,
11/2/2017 0:12:02,119308,2019,1507,1-2 hours,"Phone, Laptop",Phone,Foobar200,"Focus / Studying, To Relax / Wind Down, Fun / Entertainment","I prefer nonlyrical music for studying, otherwise it doesn't really matter",2,2,1,2,5,4,2,4,5,Pink Floyd,"Brain Damage, Shine on you Crazy diamond, A Friend of the Devil",4,,
11/2/2017 7:29:05,119021,2019,1506,>4 hours,"Phone, Laptop",Phone,"Youtube, Spotify, Apple Music, Google Play Music","Focus / Studying, To Relax / Wind Down, Fun / Entertainment","For studying, I listen to the drone sounds from the Twin Peaks soundtrack, or music that doesn't have English in it, and for fun I listen to rap and ""indie"" music I guess",4,4,1,3,3,4,3,4,4,too hard a question,"Long Gone - Phum Viphurit, Tokyo - Brockhampton, Stay Away From My Baby - Banes World, Tomboy - Princess Nokia, Life of the party - chelsea jade, island - wet, she's so untouchable - garden city movement, best friend - rex orange county, tyrant - kali uchis",3,,
11/2/2017 7:35:15,119107,2019,1502,1-2 hours,"Phone, Laptop",Laptop,"Youtube, Spotify","Focus / Studying, Singing, To Relax / Wind Down",I like pop music for all reasons.,5,4,2,1,1,5,5,5,3,EXO,For Life - EXO,4,,
11/2/2017 7:49:18,120241,2020,1501,1-2 hours,"Phone, Laptop, through my violin.",Phone,"Youtube, Spotify","Dancing, Singing, Fun / Entertainment",For whatever mood I'm in I play hip-hop/pop. For when I'm doing nothing I listen to classical.,5,2,2,4,1,3,2,2,5,Don't want to say.,Don't want to say.,5,,
11/2/2017 9:01:07,120097,2020,1504,3-4 hours,"Phone, Laptop, Car Radio",Laptop,"Youtube, Spotify","Focus / Studying, Dancing, Singing, To Relax / Wind Down, Fun / Entertainment","Focus: jazz 
Dancing/Singing:pop, rap
Relax:chill edm or jazz
Fun: edm and rap and classic rock",3,4,1,5,5,3,3,3,4,Too many - Beatles maybe?,"Havana
Weak
Don't fear the reaper
A long list",5,,
11/2/2017 9:07:31,120169,2020,1501,1-2 hours,"Phone, Laptop",Phone,"Youtube, Spotify, Pandora","Focus / Studying, To Relax / Wind Down, Fun / Entertainment","Usually rap or rock for most of them, sometimes I find some chill music like the Lumineers for studying",3,5,3,3,5,5,3,5,3,Led Zeppelin,"Stairway to Heaven-Led Zeppelin, Congratulations-Post Malone, Kind of Blue-Miles Davis",5,,
11/2/2017 9:36:44,119020,2019,1506,3-4 hours,"Phone, Laptop, Car Radio, CD Player, Radio (not car)",Laptop,"Youtube, Groove Music","Focus / Studying, Singing, To Relax / Wind Down, Fun / Entertainment, express emotion; Assignments / Classwork (for French)","Focus/Studying = Classical, Binaural Beats, Movie Scores; 
Singing + to relax/winddown + fun/entertainment = Musicals, show tunes, Sinatra, Irish Folk, Opera, movie soundtracks, classic rock, Christian punk, Screamo, French pop, folk; 
to express emotion = Show tunes, movie soundtrack, classic rock, sinatra;
Assignments/classwork = french pop (Indila, Stromae), French Opera (Carmen, Faust)",1,3,2,3,5,3,3,4,4,"Andrew Lloyd Webber, Frank Sinatra, or Barbra Striesand",almost anything from the genres listed previously,5,,
11/2/2017 10:11:37,120199,2020,1505,<1 hour,Laptop,Laptop,Youtube,"Focus / Studying, To Relax / Wind Down",Classical Music to focus and relax,3,2,1,3,3,3,2,2,5,I do not listen to specific bands or musicians,Pachabel's Canon in D,2,,
11/2/2017 10:12:10,119023,2019,1506,3-4 hours,"Phone, Laptop",Phone,"Youtube, Spotify, Pandora","Focus / Studying, Singing, To Relax / Wind Down, Fun / Entertainment, Piano","Language - Stromae, Ana Tijoux, Shanghai Rainbow Chamber Singers
Hardcore rock - Pierce the Veil, Sleeping with Sirens, Bring Me The Horizon, etc.
Classical music (usually piano) - Rachmaninoff, Chopin, Beethoven, Bach, Debussy, Liszt, Grieg, Dvorak, Brahms, etc.
Musicals - Heathers, Les Mis, Dear Evan Hansen, Repo Man (Genetic Opera), etc.",2,4,1,4,3,3,4,4,5,Get Scared,"Sarcasm, Fail",3,,
11/2/2017 12:24:39,120095,2020,1502,1-2 hours,"Phone, Laptop",Phone,Youtube,"Focus / Studying, To Relax / Wind Down, Fun / Entertainment","To relax/ for studying, I like Classical, like Mozart and Tchaikovsky. For fun, I like to listen to really eclectic bands/singers like bnny rbbt that don't have a specific genre. ",2,1,1,5,3,2,2,5,5,BNNY RBBT ,Lacrimosa,5,,
11/2/2017 12:46:46,120182,2020,1506,1-2 hours,"Phone, Laptop",Laptop,"Spotify, Pandora","Focus / Studying, Fun / Entertainment","For studying, I like music in foreign languages and for fun, I like rap music not about girls and drugs",4,5,1,2,4,2,2,3,3,Riles,Understood by Riles and Tainted Love by Soft Cell,1,,
11/2/2017 13:10:35,119101,2019,1504,<1 hour,Phone,Phone,"Youtube, Spotify","Focus / Studying, Dancing, Singing, To Relax / Wind Down, Fun / Entertainment","Studying - chillhop beats, electronic music, anything without words
dancing - lit music/mumble rap/etc
singing - super extra songs
relax - chance the rapper/melodic rap
fun - memey songs ",3,5,4,4,3,4,2,2,2,Joey Badass,"1995, for my people, paper trails",4,,
11/2/2017 14:00:33,120320,2020,1502,1-2 hours,Laptop,Laptop,"Youtube, Spotify, Pandora","Focus / Studying, To Relax / Wind Down, Fun / Entertainment","I listen to a wide variety of things, and I listen to the same music no matter what I'm doing.",4,2,4,3,4,5,3,5,3,Nickleback,"I May Fall, Counting Stars, Symphony, If Today was Your Last Day",3,,
11/2/2017 14:07:07,118152,2018,1505,3-4 hours,"Phone, Laptop",Phone,"Youtube, Spotify, soundcloud","Focus / Studying, Fun / Entertainment",Study: classic turn up music: hip hop/rap,2,5,1,3,2,2,2,2,5,liszt ,Gucci Gang,2,,
11/2/2017 19:05:17,120015,2020,1503,<1 hour,Laptop,Laptop,Youtube,"Focus / Studying, To Relax / Wind Down","EDM, mostly chill, but some other artists like Son Lux and Saltillo",2,3,1,5,3,3,4,4,3,No favorite,"As of right now, Dream State by Son Lux, (if I had to choose)",2,,
11/2/2017 20:21:44,120326,2020,1506,<30 minutes,Phone,Phone,"Youtube, Pandora","To Relax / Wind Down, Fun / Entertainment, being emo","to relax: 2Cellos, fun: idk, depends, being emo: 21 pilots/MCR/Panic! At The Disco",2,3,1,1,4,4,3,5,5,IDK,IDK,4,,
11/3/2017 9:11:12,119097,2019,1501,>4 hours,"Phone, Laptop",Laptop,"Youtube, Spotify, Google Play Music","Focus / Studying, To Relax / Wind Down, Fun / Entertainment","studying - classical/jazz, relax - chill, fun - pop/jungle/indie/rap/hiphop",3,4,1,4,2,4,4,4,4,childish gambino,bout u by xuitcasecity,4,,
11/3/2017 17:12:54,118052,2018,1506,3-4 hours,"Phone, Laptop, Car Radio",Laptop,"Youtube, Spotify, Google Play Music, Pandora","Focus / Studying, Singing, To Relax / Wind Down, Fun / Entertainment","studying: classical music, relax: r&b, classical, fun/singing: everything",4,3,2,1,2,5,3,4,5,"Justin Timberlake, Ed Sheeran, The Weeknd","Fort Knox by Christon Gray, Poison by BellBivDevoe, Wake Me Up by Ed Sheeran",3,,
11/4/2017 13:54:55,120184,2020,1507,<1 hour,Laptop,Laptop,"Youtube, Pandora","Focus / Studying, Singing, To Relax / Wind Down, Fun / Entertainment, As better background music for a game","Disney for fun/singing, Anime music for everything, Celtic music for studying/singing, and Choral music or Game music for better background tracks.",4,3,4,4,4,4,4,4,5,Eric Whitacre,"Loch Lohmond, Eric Whitacre's Enjoy the Silence, In the Final, How Far I'll Go from Moana, and Enormous by Da Vinci's Notebook",5,,
11/4/2017 18:13:13,120264,2020,1506,2-3 hours,"Phone, Laptop",Laptop,"Youtube, Spotify","Focus / Studying, To Relax / Wind Down, Fun / Entertainment","for studying and relaxing: classical, relaxing, sleeping music. for fun: pop, rap.",5,5,3,2,1,5,2,4,5,j cole,"neighbors, no role modelz, nobodys perfect, deju vu",3,,
11/4/2017 20:02:45,120005,2020,1504,2-3 hours,"Phone, Laptop",Phone,"Youtube, Spotify","Focus / Studying, To Relax / Wind Down","Kanye for everything, obvi. However if I'm on that straight grind I get into that k-romance so I get in2 the zone if u know what I mean. If I'm just trillin I prefer some quality rap.",3,5,1,1,3,3,3,3,2,Kanye West,Homecoming - Kanye West,3,,
11/5/2017 14:50:43,120324,2020,1501,"Less than a minute, or if i hear music playing in my hall.",Phone,Phone,Youtube,"To Relax / Wind Down, Fun / Entertainment, Cause it's catchy.","I don't know, whatever catchy song is stuck in my head that day. ",3,1,2,3,5,3,3,3,4,Queen,"Don't stop me now, bohemian rhapsody, thunderstruck, we didn't start the fire, feel it still, I'm on top of the world, believer, welcome to the jungle.",3,,
11/5/2017 15:06:04,120017,2020,1504,1-2 hours,"Phone, Laptop",Laptop,Youtube,Fun / Entertainment,"I like just about any genre, but on a love-like-don't mind scale,

Love - Classical
Like - Anything else
Don't Mind - Country",4,4,3,5,4,4,4,5,5,Maurice Ravel,"- Anything by Ravel except Bolero
- Anything by Flume or remixed by Flume
- Anything by Hermitude
- Anything by Paganini
- Anything by Saint-Saens
- Anything by Lorde
Sandovall's Unwind (AUGUSTII remix)
Mussorgsky's Night On Bald Mountain
Balakirev's Islamey
Eluvium's Prelude for Time Feelers
Biggie Smalls' Notorious Thugs
Weniawski's Eight Caprice-Etudes
The Duet OST by Tim Shiel

There are more, but that's what fifteen minutes of soul searching gave me.",5,,
11/6/2017 12:13:17,120193,2020,1504,1-2 hours,"Phone, Laptop",Laptop,"Youtube, Spotify","Focus / Studying, To Relax / Wind Down, Fun / Entertainment","Studying- low fi hip hop
Anything else- Anything electro",2,3,1,5,4,4,4,3,3,Jake Kaufman,Shovel Knight: Pridemoor theme,4,,
11/6/2017 21:23:50,118065,2018,1502,<1 hour,"Phone, Laptop",Phone,"Youtube, Spotify","Singing, To Relax / Wind Down",Very specific artists: generally IU / specific R+B,3,1,1,1,1,2,4,4,3,"IU, United","Palette, Touch the Sky,  ??",1,,
11/6/2017 21:25:20,118081,2018,1505,<1 hour,"Phone, Laptop",Phone,"Youtube, Spotify, Apple Music",To Relax / Wind Down,Rap/pop,5,5,1,4,1,1,2,1,3,Lil Pump,Gucci Gang,2,,
11/6/2017 21:30:13,119273,2019,1504,2-3 hours,"Phone, Laptop",Phone,"Youtube, Spotify",Focus / Studying,"For studying, Joji (hip-hop)",2,4,2,4,3,2,2,3,3,Joji,Joji - Worldstar Money,2,,
11/6/2017 21:30:15,118040,2018,1506,1-2 hours,"Phone, Laptop, Car Radio",Laptop,"Youtube, Spotify","To Relax / Wind Down, Fun / Entertainment, To get hyped up in the shower","To relax: Indie Alternative, Fun/Entertainment: Kesha, Other: Anything with a quick beat and catchy lyrics ",4,2,1,2,4,3,2,5,4,Two Door Cinema Club,"Finding You, Rainbow, and Hymn by Kesha, Now I Can Talk by Two Door Cinema Club, Florescent Adolescent by Arctic Monkeys  ",4,,
11/6/2017 22:01:22,118028,2018,1501,<30 minutes,"Phone, Laptop",Laptop,"Youtube, Spotify","Focus / Studying, Fun / Entertainment",Pop or video game ost,5,2,3,5,3,3,2,4,4,Imagine Dragons probably,I don't really have any lmao,3,,
11/6/2017 22:03:09,118158,2018,1505,2-3 hours,"Phone, Laptop",Laptop,"Youtube, Spotify","Focus / Studying, Dancing",kpop and rnb,4,4,2,3,2,5,5,4,3,Mamamoo,"Gentleman, Yes I Am, Just from Mamamoo",4,,
11/6/2017 22:24:46,118002,2018,1503,<30 minutes,Laptop,Laptop,Youtube,"Focus / Studying, Dancing, Singing, To Relax / Wind Down, Fun / Entertainment","Game soundtracks for focus, peppy romancey (Meghan Trainor, Carly Rae Jepsen, earlier Taylor Swift) for singing and relaxing, bollywood for dancing, kpop for fun",3,1,1,2,3,5,5,3,5,I don't think I have one. SHINee?,"Eyes, Nose, Lips - Taeyang",5,,
11/6/2017 22:30:02,118228,2018,1507,>4 hours,"Phone, Laptop, Car Radio",Laptop,"Youtube, Spotify, Huawei Music","Focus / Studying, To Relax / Wind Down, Fun / Entertainment","The same song for everything until I get tired of it, then move on to another",4,4,4,4,4,4,4,4,4,IU,Yes,4,,
11/6/2017 22:35:01,119194,2019,1503,<30 minutes,Phone,Phone,Spotify,"To Relax / Wind Down, Fun / Entertainment","To relax and have fun, I like 80s-90s alternative rock.",2,3,1,2,3,4,2,5,3,Arctic Monkeys,"Knee Socks, Hotel California, and Fitzpleasure ",3,,
11/6/2017 22:43:12,118184,2018,1502,1-2 hours,"Phone, Laptop, Car Radio",Laptop,"Youtube, Pandora","Focus / Studying, Dancing, Singing, To Relax / Wind Down, Fun / Entertainment","Focusing is country and rap.
To sing is country.
To dance is Latin music.
Entertainment is pop, classical rock, alternative",5,3,5,4,3,3,3,5,1,Sabrina Carpenter,"I really can't name just one, ion have a fav",1,,
11/6/2017 22:49:47,120183,2020,1505,<30 minutes,"Phone, Laptop, Car Radio",Laptop,Youtube,"Focus / Studying, Dancing, Singing",Memes,3,4,4,2,2,2,2,2,5,Kevin MacLeod,Welcome to my Mine,2,,
11/6/2017 22:53:54,118079,2018,1507,>4 hours,"Phone, Laptop",Phone,"Youtube, Google Play Music","Focus / Studying, To Relax / Wind Down, Calm myself and Working out",EDM/Chillstep to relax and workout. Any type of music besides country and mumble rap for studying. 80s and 90s music for calming myself.,4,4,3,5,4,4,3,5,4,Imagine Dragons,It's Time/Can We Start Over/Petals by Miro,5,,
11/6/2017 23:13:21,118267,2018,1507,2-3 hours,"Phone, Laptop",Phone,"Youtube, Spotify, Soundcloud","Focus / Studying, Dancing, Singing, To Relax / Wind Down, Fun / Entertainment","Studying-Classical
Dance-Hip-Hop, Rap, Pop
Singing-Soul/R&B
Relaxing-R&B
Fun/Entertainment-Rap/R&B",2,5,1,5,1,5,3,4,4,Frank Ocean,Ivy/Nights,3,,
11/6/2017 23:20:14,118207,2018,1503,>4 hours,"Phone, Laptop, Car Radio",Phone,Apple Music,"Focus / Studying, Singing, To Relax / Wind Down",for studying i like jazz or music in different languages for dancing i like hype songs or latino pop,4,4,3,4,1,4,2,4,3,onerepublic,"colors, rich love, all the right moves, apologize, secrets",3,,
11/6/2017 23:27:03,120112,2020,1501,2-3 hours,"Phone, Laptop",Laptop,"Youtube, Spotify","Focus / Studying, To Relax / Wind Down",I like to listen to Spotify’s playlist called Peaceful Piano for studying. For relaxing I like to listen to songs in Spanish that I like and indie pop music too. ,3,2,4,4,3,3,4,5,5,"LANY, Shakira, The 1975 and Laura Pausini","Entre Tú Y Mil Mares by Laura Pausini, pink skies by LANY, Settle Down by The 1975, and Antología by Shakira. ",3,,
11/7/2017 1:42:24,119271,2019,1506,2-3 hours,"Phone, Laptop",Laptop,"Youtube, Spotify, Pandora","Focus / Studying, Dancing, To Relax / Wind Down",studying: classical film scores. dancing: depends on my mood. make me feel better: john legend or rap,3,4,2,3,2,5,3,5,5,jakubi. john legend. ,"geek in pink, ladies, alright, feelin good",4,,
11/7/2017 9:57:19,119209,2019,1501,>4 hours,"Phone, Laptop",Laptop,"Youtube, Spotify, Soundcloud","Focus / Studying, Singing, To Relax / Wind Down, Fun / Entertainment","Studying: Lo-fi hip hop (it's lit)
Singing: Pretty much anything
Relax: Electronica (liquid dubstep most often)
Fun: 90s-2000s rock, anything by Twenty One Pilots/Deftones/Maynard James Keenan, more electronica",2,3,1,5,4,2,2,5,3,Twenty One Pilots,Ode to Sleep/Be Concerned/Clear (all by Twenty One Pilots,3,,
11/7/2017 10:03:47,120188,2020,1503,>4 hours,"Phone, Laptop, Car Radio",Phone,"Spotify, Pandora",Fun / Entertainment,"I like to listen to kpop when I do my homework, Yiruma for when I'm going to sleep, and Mexican music to help me wake up (bachata, banda, etc.)",4,3,1,2,2,2,5,3,5,"Kpop:Got7 Classical: Yiruma Pop:Bruno Mars Rock: Pierce the Veil, Sleeping with Sirens Bachata: Aventura, Monchy & Alexandra Acoustic: Braden Barrie","Kpop: Teenager, Never Ever 
Classical: River flows in you
Pop: Mi Gente
Rock: Floral and Fading, If I'm James Dean, You're Audrey Hepburn 
Bachata: Dos Locos, Mi Corazoncito
Acoustic: Your Heart Was No Place for a Monster Like Me, There are No Flowers in Heaven
Other: September, Be My Baby (Leslie Grace)",3,,
11/7/2017 10:05:45,118146,2018,1507,1-2 hours,"Phone, Laptop",Laptop,"Youtube, Spotify",Focus / Studying,"Studying either classical, though most of the time I listen to chill kpop like palette by IU. When i don't feel motivated I listen to rap.",4,4,1,3,2,4,4,3,4,At the moment Oddisee,You Grew Up,3,,
11/7/2017 10:18:26,120002,2020,1503,<1 hour,"Phone, Laptop",Phone,"Youtube, Apple Music","Focus / Studying, Fun / Entertainment","Alternative for both, Classical for studying",4,3,2,3,3,3,3,5,4,OneRepublic,I lived by OneRepublic,2,,
11/7/2017 12:48:00,118159,2018,1503,3-4 hours,"Phone, Laptop",Phone,Spotify,"Focus / Studying, Dancing, Singing, To Relax / Wind Down, Fun / Entertainment","relaxing - indie acoustic
dancing - hip hop (rap)",3,5,2,2,1,4,2,5,2,too many,too many,2,,
11/7/2017 16:52:16,119074,2019,1506,<1 hour,Phone,Phone,"Youtube, Spotify","Focus / Studying, Dancing, To Relax / Wind Down","For studying, I like Sufjan Stevens, Two Door Cinema Club, and general alternative music. Otherwise, I like most genres. ",4,3,2,4,4,4,2,5,4,"Sufjan Stevens, Two Door Cinema Club","Chicago - Sufjan Stevens, Roma Fade - Andrew Bird, Golden Veins - Two Door Cinema Club",2,,
11/7/2017 19:36:10,120220,2020,1501,<1 hour,"Phone, Laptop",Phone,Pandora,"Focus / Studying, To Relax / Wind Down, while cleaning?",Studying - instrumental     Entertainment/winding down/singing - modern bollywood,3,1,1,1,1,2,4,1,3,Penn Masala,Avatar (the 2009 movie) soundtrack,1,,
11/7/2017 20:57:19,119074,2019,1506,<1 hour,Phone,Phone,"Youtube, Spotify","Focus / Studying, Dancing, To Relax / Wind Down","For studying, I like Sufjan Stevens, Two Door Cinema Club, and general alternative music. Otherwise, I like most genres. ",4,3,2,4,4,4,2,5,4,"Sufjan Stevens, Two Door Cinema Club","Chicago - Sufjan Stevens, Roma Fade - Andrew Bird, Golden Veins - Two Door Cinema Club",2,,
11/7/2017 22:12:36,120038,2020,1505,3-4 hours,"Phone, Laptop",Laptop,"Youtube, Google Play Music, iTunes","Focus / Studying, To Relax / Wind Down, Fun / Entertainment","For productive studying or other important projects, non-lyrical music is the best suited to minimize distractions and cancel out noise. Otherwise, I generally love positive music.",4,3,3,5,3,3,2,4,5,How horrible that you make me choose as I cannot decide. I love specific songs from certain artists.,"Ride of the Valkyries; Peanut Vendor; Don't Worry, Be Happy; and The Sun is Burning;",5,,
11/8/2017 9:38:51,120235,2020,1502,<1 hour,Phone,Phone,"Youtube, Apple Music",Fun / Entertainment,I prefer Kpop but I listen to a variety of other songs too.,3,4,2,2,1,3,5,3,3,BTS,Can't choose!,3,,
11/8/2017 9:43:03,120143,2020,1503,3-4 hours,"Phone, Laptop",Phone,"Youtube, Spotify, Google Play Music, Pandora","Focus / Studying, Dancing, To Relax / Wind Down, Fun / Entertainment",For dancing...I can dance to any music.    EDM is preferable tho.  Studying must be softer music. ,4,3,2,5,3,4,3,5,4,Too hard to choose,Too many.  Cold cold cold by cage the elephant ,4,,
11/8/2017 9:48:39,120163,2020,1506,<30 minutes,"Phone, Laptop, Ipod",Laptop,Youtube,Fun / Entertainment,"I enjoy listening to KPOP, acapella, remixes, alt rock, and movie/tv/anime/etc. intro songs",4,4,1,3,4,2,5,4,3,Twenty One Pilots,"Heavy dirty soul, guns for hands, polarize",2,,
11/8/2017 9:54:27,118075,2018,1502,3-4 hours,"Phone, Laptop",Phone,"Youtube, Spotify, Pandora","Focus / Studying, Dancing, Singing, To Relax / Wind Down, Fun / Entertainment","for studying I prefer piano pieces or relaxing/ winding down music, Dancing music I'll listen to pop or Merengue/Salsa/Bachata music, Singing music: I like to sing to Musicals and pop songs with artists that have powerful voices like Whitney Huston or Ariana Grande. And Fun music to me is just pop music or bands like All Time Low and 5sos. I have a very broad spectrum of music taste.",5,2,1,2,4,3,2,2,5,Band: 5sos Musician: Prince Royce,La Careterra by Prince Royce,3,,
11/8/2017 10:10:08,120085,2020,1506,1-2 hours,Laptop,Laptop,Youtube,Focus / Studying,"studying - tyler the creator, rex orange county, japanese disco?, dance gavin dance",4,4,2,5,4,3,5,5,5,tyler the creator,"see you again - typer the creator, untitled - rex orange county, plastic love - mariya takeuchi",5,,
11/8/2017 10:25:46,119308,2019,1507,2-3 hours,"Phone, Laptop, Ipod, Car Radio",Laptop,,"Focus / Studying, Singing, To Relax / Wind Down, Fun / Entertainment",Classical for study,2,2,2,3,5,4,1,5,5,Pink Floyd ,Shine on you crazy diamond ,4,,
11/8/2017 10:34:32,120030,2020,1507,1-2 hours,"Phone, Laptop",Phone,"Youtube, Spotify, Apple Music",Focus / Studying,"For studying- classical
",3,2,1,4,2,2,2,2,4,Do not have one,Do not have any,4,,
11/8/2017 10:43:21,119288,2019,1507,>4 hours,"Phone, Laptop, Car Radio",Car Radio,"Youtube, Spotify, Pandora, Downloaded","Focus / Studying, To Relax / Wind Down, Fun / Entertainment, Driving","Either Russian music from groups like ????, Classic country, and a wide variety of rock from The Grateful Dead to Lynyrd Skynyrd",1,1,5,1,5,1,1,2,2,"Depends on genre, rock- lynyrd skynyrd, Russian music ????, Modern classic country Toby Kieth, Classic classic country Hank Williams","Lynyrd Skynyrd- Floyd,  Eagles- Desperado, Hank Williams- Blue Eyes Crying in the Rain, Mickey Newbury- American Trilogy, ????- ????, Grateful Dead- Brokedown Palace, Brookes and Dunn- Neon Moon & My Maria, and that's not even half of it, I have so many",1,,
11/8/2017 11:18:23,120244,2020,1506,1-2 hours,"Phone, Laptop",Phone,"Youtube, Spotify","To Relax / Wind Down, Fun / Entertainment",to relax I listen to Ed Sheeran,5,3,1,2,3,3,2,4,4,I don't have one,"""Kiss me"" by ed sheeran ",2,,
11/8/2017 11:28:15,119156,2019,1505,1-2 hours,Laptop,Laptop,Spotify,"Focus / Studying, To Relax / Wind Down, Fun / Entertainment",My playlist consists of classic rock and some punk rock with some classical music thrown in.,2,3,1,2,4,3,2,2,5,Vitamin String Quartet,Bohemian Rhapsody,5,,
11/8/2017 11:38:35,118217,2018,1503,<1 hour,Laptop,Laptop,"Youtube, Spotify","Focus / Studying, Dancing, Singing, To Relax / Wind Down, Fun / Entertainment","studying- like chill music ?
dancing- hype indian fusion stuff
singing- same as dancing
to relax/wind down - chill music idk look at sohum guptas playlist
fun/entertainment- hype music like rap",3,5,1,3,4,5,4,3,1,the weeknd or kendrick,"anything by the weeknd, tujh mein rab dikhta hai",4,,
11/8/2017 13:17:33,119037,2019,1501,>4 hours,"Phone, Laptop, CD Player",Phone,"Youtube, Music downloading app","Focus / Studying, Dancing, Singing, To Relax / Wind Down, Fun / Entertainment","For everything: Semi-commie anarchist folk punk, Pat the Bunny, AJJ, Wingnut Dishwashers Union, Ramshackle Glory, Johnny Hobo and the Freight Trains, Ceschi, Matt Pless
For relaxing: Johnny Hobo, Ceschi",1,3,1,2,3,1,3,4,5,Wingnut Dishwashers Union ,"Proudhon in Manhattan, What You Will (by Matt Pless), Broken Heart (by Ramshackle Glory), Volatile Utopian Real-Estate Market, Galapagos (by Ceschi)",1,,
11/8/2017 14:13:04,120146,2020,1502,2-3 hours,"Phone, Laptop, Car Radio",Phone,Amazon Music,"Dancing, Singing, Fun / Entertainment",I like a mix pop and rap,4,4,1,3,2,4,3,2,2,IDK,IDK,2,,
11/8/2017 15:40:23,120176,2020,1507,2-3 hours,"Phone, Laptop",Phone,Spotify,"To Relax / Wind Down, Fun / Entertainment",For relaxing ill listen to more mellow alternative music like weezer or muse and for fun or somewhere inbetween ill listen to harder rock like iron maiden of primus. ,3,2,1,2,5,2,1,5,1,weezer,"too many puppies, or feel good inc",1,,
11/8/2017 19:22:51,118046,2018,1501,3-4 hours,"Phone, Laptop, Car Radio",Phone,"Youtube, Spotify, Apple Music, Pandora","Focus / Studying, Dancing, To Relax / Wind Down, Fun / Entertainment, Exercise","Rap, Dubstep, Classical for everything",3,5,1,5,3,5,1,3,5,Gucci Mane,Trap House 3,2,,
11/8/2017 20:12:07,120077,2020,1502,3-4 hours,"Phone, Laptop, Ipod, CD Player",Phone,"Youtube, 8tracks","Focus / Studying, Singing, To Relax / Wind Down, Fun / Entertainment, coping","For focusing, I like electronic, I sing to everything, especially Vocaloid and showtunes, I relax with anything, I listen to punk/dance/pop for fun, and I listen to grunge to cope",3,4,1,5,5,1,4,5,3,JubyPhonic,"Self-Inflicted Achromatic, Dead Girl Walking, Colors",2,,
11/9/2017 0:30:45,118273,2018,1503,2-3 hours,"Phone, Laptop",Phone,Spotify,"Focus / Studying, Dancing, Singing, To Relax / Wind Down, Fun / Entertainment","i feel like the last one is targetted at me lmao but yes, i like BTS/K-pop and I LOVE slower EDM, for more info follow my spotify:
https://open.spotify.com/user/sargam_
",3,4,1,5,3,4,5,5,4,"BTS, The Kite String Tangle, Louis the Child, Chet Faker","https://open.spotify.com/user/sargam_/playlist/2IZWj3aXG657uNK9EeGllA

Hold me Tight <3 BTS
Moondust (Stripped) by Jaymes Young
Slow Down Love by Louis the Child 
Talk is Cheap by Chet Faker
Arcadia by The Kite String Tangle",5,,
